,Name,Sector,Code,Market,Mktcap(m),Share_count(m),EPS,PERatio,ROE
0,AEMULUS HOLDINGS BERHAD,TECHNOLOGY ,AEMULUS (0181),ACE,153.69,548.9,0.73 *,38.36,5.21
1,APPASIA BERHAD,TECHNOLOGY ,APPASIA (0119),ACE,31.07,345.25,-0.35 *,-,-4.49
2,ASDION BERHAD,TECHNOLOGY ,ASDION (0068),ACE,22.38,127.9,-1.67 *,-,-24.56
3,CABNET HOLDINGS BERHAD,TECHNOLOGY ,CABNET (0191),ACE,36.64,178.75,2.39 *,8.58,8.98
4,CENSOF HOLDINGS BERHAD,TECHNOLOGY ,CENSOF (5195),MAIN,70.25,501.76,0.14 *,100,0.54
5,CUSCAPI BERHAD,TECHNOLOGY ,CUSCAPI (0051),MAIN,180.45,859.27,-2.03 *,-,-18.45
6,D&O GREEN TECHNOLOGIES BERHAD,TECHNOLOGY ,D&O (7204),MAIN,682.13,1109.0,3.32 *,18.52,11.07
7,DATAPREP HOLDINGS BHD,TECHNOLOGY ,DATAPRP (8338),MAIN,85.48,427.4,-2.77 *,-,-69.25
8,DGB ASIA BERHAD,TECHNOLOGY ,DGB (0152),ACE,79.4,756.17,-,-,-
9,DIVERSIFIED GATEWAY SOLUTIONS BERHAD,TECHNOLOGY ,DGSB (0131),ACE,70.84,745.73,-,-,-
10,DIGISTAR CORPORATION BERHAD,TECHNOLOGY ,DIGISTA (0029),MAIN,32.92,658.34,-3.06 *,-,-0.32
11,DAGANG NEXCHANGE BERHAD,TECHNOLOGY ,DNEX (4456),MAIN,509.83,1758.0,1.77 *,16.38,6.81
12,DATASONIC GROUP BERHAD,TECHNOLOGY ,DSONIC (5216),MAIN,999.0,1350.0,2.71 *,27.31,13.9
13,EA HOLDINGS BERHAD,TECHNOLOGY ,EAH (0154),ACE,50.72,5072.0,-0.94 *,-,-23.5
14,EDARAN BERHAD,TECHNOLOGY ,EDARAN (5036),MAIN,27.9,60.0,7.97 *,5.83,-
15,EDUSPEC HOLDINGS BERHAD,TECHNOLOGY ,EDUSPEC (0107),ACE,38.56,1102.0,-,-,-
16,EXCEL FORCE MSC BERHAD,TECHNOLOGY ,EFORCE (0065),MAIN,271.5,441.46,1.55 *,39.68,12.92
17,ELSOFT RESEARCH BERHAD,TECHNOLOGY ,ELSOFT (0090),MAIN,624.05,667.43,5.50 *,17,30.56
18,FRONTKEN CORPORATION BERHAD,TECHNOLOGY ,FRONTKN (0128),MAIN,1622.0,1053.0,5.82 *,26.46,18.77
19,FSBM HOLDINGS BERHAD,TECHNOLOGY ,FSBM (9377),MAIN,13.42,141.31,-0.36 *,-,-9
20,GENETEC TECHNOLOGY BERHAD,TECHNOLOGY ,GENETEC (0104),ACE,49.9,42.29,13.27 *,8.89,7.41
21,GHL SYSTEMS BERHAD,TECHNOLOGY ,GHLSYS (0021),MAIN,1049.0,749.21,3.34 *,41.92,6.03
22,G NEPTUNE BERHAD,TECHNOLOGY ,GNB (0045),ACE,18.77,288.75,-0.32 *,-,-
23,GRAND-FLO BERHAD,TECHNOLOGY ,GRANFLO (0056),MAIN,118.36,483.12,2.06 *,11.89,8.51
24,GREATECH TECHNOLOGY BERHAD,TECHNOLOGY ,GREATEC (0208),ACE,682.34,626.0,-,-,-
25,GLOBETRONICS TECHNOLOGY BERHAD,TECHNOLOGY ,GTRONIC (7022),MAIN,1218.0,669.13,8.67 *,20.99,20.64
26,HEITECH PADU BERHAD,TECHNOLOGY ,HTPADU (5028),MAIN,91.61,101.23,-29.29 *,-,-30.83
27,IDIMENSION CONSOLIDATED BHD,TECHNOLOGY ,IDMENSN (0174),ACE,6.8,271.96,-,-,-
28,IFCA MSC BERHAD,TECHNOLOGY ,IFCAMSC (0023),ACE,228.11,608.29,1.98 *,18.94,9.9
29,INARI AMERTRON BERHAD,TECHNOLOGY ,INARI (0166),MAIN,5180.0,3178.0,6.62 *,24.62,19.08
30,INIX TECHNOLOGIES HOLDINGS BERHAD,TECHNOLOGY ,INIX (0094),ACE,16.27,271.14,-7.32 *,-,-89.27
31,IRIS CORPORATION BERHAD,TECHNOLOGY ,IRIS (0010),ACE,444.94,2966.0,1.29 *,11.63,14.02
32,INDUSTRONICS BERHAD,TECHNOLOGY ,ITRONIC (9393),MAIN,12.43,113.04,-1.76 *,-,-13.54
33,JCY INTERNATIONAL BERHAD,TECHNOLOGY ,JCY (5161),MAIN,415.37,2077.0,-4.52 *,-,-10.07
34,JF TECHNOLOGY BERHAD,TECHNOLOGY ,JFTECH (0146),ACE,160.65,210.0,-0.02 *,-,-0.13
35,JHM CONSOLIDATION BERHAD,TECHNOLOGY ,JHM (0127),ACE,691.42,557.6,6.81 *,18.21,20.03
36,KESM INDUSTRIES BERHAD,TECHNOLOGY ,KESM (9334),MAIN,356.59,43.01,35.57 *,23.31,4.26
37,KEY ASIC BERHAD,TECHNOLOGY ,KEYASIC (0143),MAIN,109.32,950.57,0.24 *,47.92,6.86
38,KEY ALLIANCE GROUP BERHAD,TECHNOLOGY ,KGROUP (0036),ACE,20.83,520.71,-1.34 *,-,-8.87
39,KRONOLOGI ASIA BERHAD,TECHNOLOGY ,KRONO (0176),ACE,308.24,489.28,3.68 *,17.12,8.76
40,LAMBO GROUP BERHAD,TECHNOLOGY ,LAMBO (0018),ACE,136.64,2102.0,0.78 *,8.33,13.45
41,LYC HEALTHCARE BERHAD,TECHNOLOGY ,LYC (0075),ACE,97.46,324.86,-1.80 *,-,-25.71
42,MI TECHNOVATION BERHAD,TECHNOLOGY ,MI (5286),MAIN,890.0,500.0,8.93 *,19.93,13.13
43,MICROLINK SOLUTIONS BERHAD,TECHNOLOGY ,MICROLN (0126),ACE,75.32,167.37,0.55 *,81.82,4.7
44,MIKRO MSC BERHAD,TECHNOLOGY ,MIKROMB (0112),ACE,96.95,430.89,0.90 *,25,6.43
45,MLABS SYSTEMS BERHAD,TECHNOLOGY ,MLAB (0085),ACE,30.17,670.5,-,-,-
46,MMAG HOLDINGS BERHAD,TECHNOLOGY ,MMAG (0034),ACE,174.02,682.42,-,-,-
47,MMS VENTURES BERHAD,TECHNOLOGY ,MMSV (0113),MAIN,153.88,203.81,3.27 *,23.09,10.9
48,MANAGEPAY SYSTEMS BERHAD,TECHNOLOGY ,MPAY (0156),ACE,74.6,710.47,-1.02 *,-,-7.85
49,MALAYSIAN PACIFIC INDUSTRIES BERHAD,TECHNOLOGY ,MPI (3867),MAIN,1939.0,209.88,65.42 *,14.12,9.76
50,MQ TECHNOLOGY BERHAD,TECHNOLOGY ,MQTECH (0070),ACE,19.27,642.28,-0.94 *,-,-11.75
51,MESINIAGA BERHAD,TECHNOLOGY ,MSNIAGA (5011),MAIN,74.29,60.4,-21.98 *,-,-11.95
52,MY E.G. SERVICES BERHAD,TECHNOLOGY ,MYEG (0138),MAIN,5518.0,3606.0,-,-,-
53,MSCM HOLDINGS BERHAD,TECHNOLOGY ,MYSCM (0041),MAIN,55.75,265.49,-4.92 *,-,-76.88
54,NETX HOLDINGS BERHAD,TECHNOLOGY ,NETX (0020),ACE,61.05,3052.0,-0.46 *,-,-15.33
55,NOTION VTEC BERHAD,TECHNOLOGY ,NOTION (0083),MAIN,179.91,333.18,14.80 *,3.65,12.35
56,NOVA MSC BERHAD,TECHNOLOGY ,NOVAMSC (0026),ACE,78.91,751.56,1.10 *,9.55,15.71
57,OMESTI BERHAD,TECHNOLOGY ,OMESTI (9008),MAIN,193.67,478.21,-3.63 *,-,-11.75
58,OPENSYS (M) BERHAD,TECHNOLOGY ,OPENSYS (0040),ACE,95.33,297.89,3.28 *,9.76,17.26
59,ORION IXL BERHAD,TECHNOLOGY ,ORION (0079),ACE,102.54,707.18,-,-,-
60,PENTAMASTER CORPORATION BERHAD,TECHNOLOGY ,PENTA (7160),MAIN,1558.0,474.88,14.63 *,22.42,12.33
61,PINEAPPLE RESOURCES BERHAD,TECHNOLOGY ,PINEAPP (0006),ACE,16.01,48.5,-0.32 *,-,-0.59
62,PRESTARIANG BERHAD,TECHNOLOGY ,PRESBHD (5204),MAIN,242.0,484.0,-,-,-
63,REVENUE GROUP BERHAD,TECHNOLOGY ,REVENUE (0200),ACE,382.8,232.0,3.69 *,44.72,16.77
64,REXIT BERHAD,TECHNOLOGY ,REXIT (0106),ACE,123.07,189.33,4.13 *,15.74,21.74
65,RADIANT GLOBALTECH BERHAD,TECHNOLOGY ,RGTECH (0202),ACE,112.92,525.2,0.65 *,33.08,5.75
66,SECUREMETRIC BERHAD,TECHNOLOGY ,SMETRIC (0203),ACE,131.54,243.6,-,-,-
67,SMRT HOLDINGS BERHAD,TECHNOLOGY ,SMRT (0117),ACE,44.78,407.05,-1.70 *,-,-4.63
68,SMTRACK BERHAD,TECHNOLOGY ,SMTRACK (0169),ACE,34.99,148.9,-2.82 *,-,-31.33
69,SOLUTION ENGINEERING HOLDINGS BERHAD,TECHNOLOGY ,SOLUTN (0093),ACE,27.58,306.45,-0.93 *,-,-7.5
70,SYSTECH BHD,TECHNOLOGY ,SYSTECH (0050),ACE,67.8,347.71,0.22 *,88.64,0.01
71,TECHNODEX BHD,TECHNOLOGY ,TDEX (0132),ACE,38.38,590.42,-,-,-
72,TFP SOLUTIONS BERHAD,TECHNOLOGY ,TFP (0145),ACE,28.08,208.01,-1.23 *,-,-25.1
73,THETA EDGE BERHAD,TECHNOLOGY ,THETA (9075),MAIN,49.33,107.24,-2.07 *,-,-3.45
74,TRIVE PROPERTY GROUP BERHAD,TECHNOLOGY ,TRIVE (0118),MAIN,35.2,2346.0,-,-,-
75,TURIYA BERHAD,TECHNOLOGY ,TURIYA (4359),MAIN,28.59,228.73,-0.68 *,-,-1.28
76,UCREST BERHAD,TECHNOLOGY ,UCREST (0005),ACE,111.37,464.03,3.13 *,7.67,34.78
77,UNISEM (M) BERHAD,TECHNOLOGY ,UNISEM (5005),MAIN,1702.0,733.83,13.06 *,17.76,6.57
78,UWC BERHAD,TECHNOLOGY ,UWC (5292),MAIN,502.52,366.8,-,-,-
79,VORTEX CONSOLIDATED BERHAD,TECHNOLOGY ,VC (0060),ACE,64.14,388.72,0.07 *,235.71,0.3
80,VISDYNAMICS HOLDINGS BERHAD,TECHNOLOGY ,VIS (0120),ACE,69.36,169.17,3.52 *,11.65,14.67
81,VITROX CORPORATION BERHAD,TECHNOLOGY ,VITROX (0097),MAIN,3286.0,470.74,23.12 *,30.19,24.89
82,VIVOCOM INTL HOLDINGS BERHAD,TECHNOLOGY ,VIVOCOM (0069),ACE,84.97,5665.0,-1.27 *,-,-15.88
83,VSOLAR GROUP BERHAD,TECHNOLOGY ,VSOLAR (0066),ACE,67.56,386.07,-0.46 *,-,-11.5
84,VSTECS BERHAD,TECHNOLOGY ,VSTECS (5162),MAIN,183.6,180.0,13.61 *,7.49,8.4
85,WILLOWGLEN MSC BERHAD,TECHNOLOGY ,WILLOW (0008),MAIN,220.72,496.0,2.72 *,16.36,8.5
86,WINTONI GROUP BERHAD,TECHNOLOGY ,WINTONI (0141),ACE,17.96,513.0,-0.32 *,-,-
87,YGL CONVERGENCE BERHAD,TECHNOLOGY ,YGL (0086),ACE,31.36,232.29,-1.02 *,-,-14.57
88,ADVENTA BERHAD,HEALTH CARE ,ADVENTA (7191),MAIN,62.64,152.79,-,-,-
89,APEX HEALTHCARE BERHAD,HEALTH CARE ,AHEALTH (7090),MAIN,994.07,471.12,12.06 *,17.5,3.61
90,CAREPLUS GROUP BERHAD,HEALTH CARE ,CAREPLS (0163),ACE,82.36,531.36,-0.16 *,-,-0.83
91,DUOPHARMA BIOTECH BERHAD,HEALTH CARE ,DPHARMA (7148),MAIN,906.78,661.88,7.77 *,17.63,10.36
92,HARTALEGA HOLDINGS BERHAD,HEALTH CARE ,HARTA (5168),MAIN,17492.0,3351.0,13.61 *,38.35,20.31
93,IHH HEALTHCARE BERHAD,HEALTH CARE ,IHH (5225),MAIN,50801.0,8774.0,7.52 *,76.99,3.01
94,KOSSAN RUBBER INDUSTRIES BERHAD,HEALTH CARE ,KOSSAN (7153),MAIN,5116.0,1279.0,16.97 *,23.57,16.48
95,KOTRA INDUSTRIES BERHAD,HEALTH CARE ,KOTRA (0002),MAIN,273.53,143.96,14.76 *,12.87,12.83
96,KPJ HEALTHCARE BERHAD,HEALTH CARE ,KPJ (5878),MAIN,4394.0,4438.0,3.97 *,24.94,10.45
97,LKL INTERNATIONAL BERHAD,HEALTH CARE ,LKL (0182),ACE,47.17,428.8,-0.58 *,-,-4.46
98,MALAYSIAN GENOMICS RESOURCE CENTRE BERHAD,HEALTH CARE ,MGRC (0155),ACE,26.91,103.51,-3.82 *,-,-22.87
99,NOVA WELLNESS GROUP BERHAD,HEALTH CARE ,NOVA (0201),ACE,144.57,317.74,2.64 *,17.23,11.48
100,PHARMANIAGA BERHAD,HEALTH CARE ,PHARMA (7081),MAIN,726.22,261.23,17.03 *,16.32,8.39
101,SUPERMAX CORPORATION BERHAD,HEALTH CARE ,SUPERMX (7106),MAIN,2217.0,1360.0,8.71 *,18.71,10.75
102,TMC LIFE SCIENCES BERHAD,HEALTH CARE ,TMCLIFE (0101),MAIN,1245.0,1742.0,1.74 *,41.09,4.05
103,TOP GLOVE CORPORATION BHD,HEALTH CARE ,TOPGLOV (7113),MAIN,12112.0,2561.0,15.31 *,30.89,15.78
104,Y.S.P.SOUTHEAST ASIA HOLDING BERHAD,HEALTH CARE ,YSPSAH (7178),MAIN,340.58,139.58,20.39 *,11.97,8.87
105,ASTRAL ASIA BERHAD,PLANTATION ,AASIA (7054),MAIN,105.6,659.98,-0.56 *,-,-1.89
106,BATU KAWAN BERHAD,PLANTATION ,BKAWAN (1899),MAIN,7246.0,435.95,90.33 *,18.4,6.19
107,BLD PLANTATION BHD.,PLANTATION ,BLDPLNT (5069),MAIN,629.26,93.5,-,-,-
108,BOUSTEAD PLANTATIONS BERHAD,PLANTATION ,BPLANT (5254),MAIN,1635.0,2240.0,-3.27 *,-,-2.7
109,CEPATWAWASAN GROUP BERHAD,PLANTATION ,CEPAT (8982),MAIN,176.74,318.45,0.13 *,426.92,0.12
110,CHIN TECK PLANTATIONS BERHAD,PLANTATION ,CHINTEK (1929),MAIN,590.21,91.36,59.21 *,10.91,8.12
111,DUTALAND BERHAD,PLANTATION ,DUTALND (3948),MAIN,372.29,846.12,46.10 *,0.95,29.94
112,FAR EAST HOLDINGS BERHAD,PLANTATION ,FAREAST (5029),MAIN,1556.0,593.84,7.69 *,34.07,4.18
113,FGV HOLDINGS BERHAD,PLANTATION ,FGV (5222),MAIN,4122.0,3648.0,-29.73 *,-,-24.57
114,GENTING PLANTATIONS BERHAD,PLANTATION ,GENP (2291),MAIN,8992.0,897.36,11.77 *,85.13,2.27
115,GOLDEN LAND BERHAD,PLANTATION ,GLBHD (7382),MAIN,93.62,222.91,-9.72 *,-,-4.79
116,GOPENG BERHAD,PLANTATION ,GOPENG (2135),MAIN,186.95,268.99,0.07 *,992.86,0.06
117,HARN LEN CORPORATION BHD,PLANTATION ,HARNLEN (7501),MAIN,122.41,185.48,-12.12 *,-,-7.62
118,HAP SENG PLANTATIONS HOLDINGS BERHAD,PLANTATION ,HSPLANT (5138),MAIN,1256.0,800.0,2.26 *,69.47,1.11
119,IJM PLANTATIONS BERHAD,PLANTATION ,IJMPLNT (2216),MAIN,1294.0,880.58,-4.13 *,-,-2.74
120,INCH KENNETH KAJANG RUBBER PUBLIC LTD CO,PLANTATION ,INCKEN (2607),MAIN,250.35,420.75,-3.37 *,-,-2.04
121,INNOPRISE PLANTATIONS BERHAD,PLANTATION ,INNO (6262),MAIN,325.62,478.86,2.09 *,32.54,1.62
122,IOI CORPORATION BERHAD,PLANTATION ,IOICORP (1961),MAIN,26710.0,6285.0,9.88 *,43.02,6.72
123,JAYA TIASA HOLDINGS BHD,PLANTATION ,JTIASA (4383),MAIN,462.52,973.72,-22.31 *,-,-17.57
124,KUALA LUMPUR KEPONG BERHAD,PLANTATION ,KLK (2445),MAIN,25898.0,1068.0,59.70 *,40.64,5.98
125,KLUANG RUBBER COMPANY (MALAYA) BERHAD,PLANTATION ,KLUANG (2453),MAIN,214.15,63.17,-13.76 *,-,-1.28
126,KIM LOONG RESOURCES BERHAD,PLANTATION ,KMLOONG (5027),MAIN,1094.0,935.41,4.97 *,23.54,6.21
127,KRETAM HOLDINGS BERHAD,PLANTATION ,KRETAM (1996),MAIN,907.77,2328.0,-1.30 *,-,-4.98
128,KWANTAS CORPORATION BERHAD,PLANTATION ,KWANTAS (6572),MAIN,218.17,311.68,-38.75 *,-,-10.25
129,MALPAC HOLDINGS BERHAD,PLANTATION ,MALPAC (4936),MAIN,59.25,75.0,-7.70 *,-,-3.44
130,MATANG BERHAD,PLANTATION ,MATANG (0189),ACE,126.7,1810.0,0.13 *,53.85,1.3
131,MHC PLANTATIONS BHD,PLANTATION ,MHC (5026),MAIN,115.96,196.54,1.29 *,45.74,1.02
132,NPC RESOURCES BERHAD,PLANTATION ,NPC (5047),MAIN,228.0,120.0,-38.61 *,-,-17.47
133,NEGRI SEMBILAN OIL PALMS BERHAD,PLANTATION ,NSOP (2038),MAIN,245.0,70.2,13.61 *,25.64,1.74
134,PINEHILL PACIFIC BERHAD,PLANTATION ,PINEPAC (1902),MAIN,46.44,149.8,-21.29 *,-,-45.3
135,PLS PLANTATIONS BERHAD,PLANTATION ,PLS (9695),MAIN,322.64,350.7,-4.21 *,-,-7.61
136,RIMBUNAN SAWIT BERHAD,PLANTATION ,RSAWIT (5113),MAIN,262.42,1418.0,-9.98 *,-,-33.27
137,RIVERVIEW RUBBER ESTATES BERHAD,PLANTATION ,RVIEW (2542),MAIN,190.66,64.85,4.02 *,73.13,0.98
138,SUNGEI BAGAN RUBBER COMPANY (MALAYA) BERHAD,PLANTATION ,SBAGAN (2569),MAIN,192.36,66.33,-12.25 *,-,-1.36
139,SIN HENG CHAN (MALAYA) BERHAD,PLANTATION ,SHCHAN (4316),MAIN,40.88,131.87,-5.75 *,-,-13.37
140,SIME DARBY PLANTATION BERHAD,PLANTATION ,SIMEPLT (5285),MAIN,33252.0,6885.0,-,-,-
141,SARAWAK OIL PALMS BERHAD,PLANTATION ,SOP (5126),MAIN,1302.0,570.87,7.63 *,29.88,2.02
142,SARAWAK PLANTATION BERHAD,PLANTATION ,SWKPLNT (5135),MAIN,462.0,280.0,6.28 *,26.27,3.19
143,TA ANN HOLDINGS BERHAD,PLANTATION ,TAANN (5012),MAIN,1000.9999999999999,444.84,18.44 *,12.2,5.84
144,TDM BERHAD,PLANTATION ,TDM (2054),MAIN,319.7,1683.0,-4.66 *,-,-8.32
145,TH PLANTATIONS BERHAD,PLANTATION ,THPLANT (5112),MAIN,446.34,883.85,-68.56 *,-,-81.62
146,TSH RESOURCES BERHAD,PLANTATION ,TSH (9059),MAIN,1244.0,1382.0,2.59 *,34.75,2.6
147,UNITED MALACCA BERHAD,PLANTATION ,UMCCA (2593),MAIN,1101.0,209.69,-19.92 *,-,-2.85
148,UNITED PLANTATIONS BERHAD,PLANTATION ,UTDPLT (2089),MAIN,5516.0,208.13,-,-,-
149,ACME HOLDINGS BERHAD,PROPERTY ,ACME (7131),MAIN,54.91,238.76,3.97 *,5.79,0.12
150,AMCORP PROPERTIES BERHAD,PROPERTY ,AMPROP (1007),MAIN,335.61,610.21,4.00 *,13.75,2.58
151,AMVERTON BERHAD,PROPERTY ,AMVERTON (5959),MAIN,397.92,365.06,19.93 *,5.47,10.17
152,ARK RESOURCES HOLDINGS BERHAD,PROPERTY ,ARK (7007),MAIN,13.63,48.67,-6.17 *,-,-20.57
153,ASIAN PAC HOLDINGS BERHAD,PROPERTY ,ASIAPAC (4057),MAIN,140.01,1037.0,5.08 *,2.66,5.03
154,AYER HOLDINGS BERHAD,PROPERTY ,AYER (2305),MAIN,344.32,74.85,27.79 *,16.55,4.03
155,BCB BERHAD,PROPERTY ,BCB (6602),MAIN,96.94,412.5,8.32 *,2.82,6.99
156,BINA DARULAMAN BERHAD,PROPERTY ,BDB (6173),MAIN,113.95,303.85,-12.26 *,-,-8.23
157,BERTAM ALLIANCE BERHAD,PROPERTY ,BERTAM (9814),MAIN,51.69,206.76,-1.76 *,-,-1.98
158,BERJAYA ASSETS BERHAD,PROPERTY ,BJASSET (3239),MAIN,780.24,2558.0,-1.15 *,-,-1.26
159,COUNTRY HEIGHTS HOLDINGS BHD,PROPERTY ,CHHB (5738),MAIN,410.8,275.71,31.47 *,4.73,10.06
160,CRESCENDO CORPORATION BERHAD,PROPERTY ,CRESNDO (6718),MAIN,350.58,280.46,15.44 *,8.1,4.78
161,COUNTRY VIEW BERHAD,PROPERTY ,CVIEW (5049),MAIN,145.0,100.0,74.93 *,1.94,19.07
162,DAMANSARA REALTY BHD,PROPERTY ,DBHD (3484),MAIN,140.08,318.37,6.49 *,6.78,12.02
163,DPS RESOURCES BERHAD,PROPERTY ,DPS (7198),MAIN,38.21,587.77,-0.37 *,-,-1.85
164,EASTERN & ORIENTAL BERHAD,PROPERTY ,E&O (3417),MAIN,1187.0,1457.0,4.28 *,19.04,3.06
165,ECOFIRST CONSOLIDATED BHD,PROPERTY ,ECOFIRS (3557),MAIN,240.95,803.16,3.05 *,9.84,7.48
166,ECO WORLD DEVELOPMENT GROUP BERHAD,PROPERTY ,ECOWLD (8206),MAIN,2355.0,2944.0,6.06 *,13.2,4.07
167,ENCORP BERHAD,PROPERTY ,ENCORP (6076),MAIN,99.6,306.47,-2.96 *,-,-2.19
168,ENRA GROUP BERHAD,PROPERTY ,ENRA (8613),MAIN,185.24,136.21,-18.01 *,-,-19.79
169,EUPE CORPORATION BERHAD,PROPERTY ,EUPE (6815),MAIN,85.76,128.0,23.67 *,2.83,9.47
170,EWEIN BERHAD,PROPERTY ,EWEIN (7249),MAIN,212.62,301.59,14.33 *,4.92,17.91
171,ECO WORLD INTERNATIONAL BERHAD,PROPERTY ,EWINT (5283),MAIN,1584.0,2400.0,3.80 *,17.37,3.65
172,FARLIM GROUP (MALAYSIA) BHD,PROPERTY ,FARLIM (6041),MAIN,57.25,168.39,-0.34 *,-,-0.33
173,GLOMAC BERHAD,PROPERTY ,GLOMAC (5020),MAIN,304.03,800.09,1.70 *,22.35,1.21
174,GROMUTUAL BERHAD,PROPERTY ,GMUTUAL (9962),MAIN,101.41,375.61,1.70 *,15.88,1.83
175,GLOBAL ORIENTAL BERHAD,PROPERTY ,GOB (1147),MAIN,75.02,454.68,-21.41 *,-,-34.53
176,GSB GROUP BERHAD,PROPERTY ,GSB (7077),MAIN,102.2,552.44,-0.37 *,-,-3.66
177,GUOCOLAND (MALAYSIA) BERHAD,PROPERTY ,GUOCO (1503),MAIN,490.32,700.46,-5.90 *,-,-3.04
178,HCK CAPITAL GROUP BERHAD,PROPERTY ,HCK (7105),MAIN,519.4,422.28,1.57 *,78.34,3.34
179,GRAND HOOVER BERHAD,PROPERTY ,HOOVER (7010),MAIN,24.0,40.0,-4.88 *,-,-4.32
180,HUA YANG BERHAD,PROPERTY ,HUAYANG (5062),MAIN,154.88,352.0,-5.82 *,-,-3.49
181,I-BERHAD,PROPERTY ,IBHD (4251),MAIN,365.14,1014.0,4.02 *,8.96,4.14
182,IBRACO BERHAD,PROPERTY ,IBRACO (5084),MAIN,337.56,496.41,6.27 *,10.85,8.93
183,IDEAL UNITED BINTANG INTERNATIONAL BERHAD,PROPERTY ,IDEAL (9687),MAIN,616.53,463.56,10.45 *,12.73,7.29
184,IGB BERHAD,PROPERTY ,IGBB (5606),MAIN,1924.0,689.57,36.40 *,7.66,7.12
185,IOI PROPERTIES GROUP BERHAD,PROPERTY ,IOIPG (5249),MAIN,7598.0,5506.0,14.28 *,9.66,4.22
186,IVORY PROPERTIES GROUP BERHAD,PROPERTY ,IVORY (5175),MAIN,100.47,490.08,0.10 *,205,0.12
187,ISKANDAR WATERFRONT CITY BERHAD,PROPERTY ,IWCITY (1589),MAIN,837.39,837.39,-,-,-
188,JIANKUN INTERNATIONAL BERHAD,PROPERTY ,JIANKUN (8923),MAIN,54.22,166.85,1.24 *,26.21,4
189,JKG LAND BERHAD,PROPERTY ,JKGLAND (6769),MAIN,181.99,2275.0,0.10 *,80,0.5
190,KARAMBUNAI CORP BHD,PROPERTY ,KBUNAI (3115),MAIN,548.78,5777.0,0.16 *,59.38,1.07
191,KEN HOLDINGS BERHAD,PROPERTY ,KEN (7323),MAIN,117.91,191.72,11.53 *,5.33,6.44
192,KSL HOLDINGS BERHAD,PROPERTY ,KSL (5038),MAIN,830.01,1038.0,20.89 *,3.83,7.46
193,LAND & GENERAL BERHAD,PROPERTY ,L&G (3174),MAIN,475.7,2973.0,1.30 *,12.31,3.52
194,LBI CAPITAL BERHAD,PROPERTY ,LBICAP (8494),MAIN,70.99,98.59,8.32 *,8.65,4.81
195,LBS BINA GROUP BERHAD,PROPERTY ,LBS (5789),MAIN,884.79,1566.0,5.09 *,11.1,5.85
196,LIEN HOE CORPORATION BERHAD,PROPERTY ,LIENHOE (3573),MAIN,90.44,361.74,-10.07 *,-,-7.14
197,MAGNA PRIMA BERHAD,PROPERTY ,MAGNA (7617),MAIN,318.17,334.91,-17.93 *,-,-11.49
198,MAH SING GROUP BERHAD,PROPERTY ,MAHSING (8583),MAIN,2209.0,2428.0,10.81 *,8.42,7.46
199,MALTON BERHAD,PROPERTY ,MALTON (6181),MAIN,290.48,528.14,2.59 *,21.24,1.49
200,MATRIX CONCEPTS HOLDINGS BERHAD,PROPERTY ,MATRIX (5236),MAIN,1534.0,786.81,27.65 *,7.05,15.71
201,MB WORLD GROUP BERHAD,PROPERTY ,MBWORLD (7189),MAIN,251.8,157.38,36.66 *,4.36,23.2
202,MCT BERHAD,PROPERTY ,MCT (5182),MAIN,400.67,1457.0,-,-,-
203,MENANG CORPORATION (M) BERHAD,PROPERTY ,MENANG (1694),MAIN,161.07,480.8,1.76 *,19.03,2.67
204,MERIDIAN BERHAD,PROPERTY ,MERIDIAN (5040),MAIN,113.29,492.56,-4.75 *,-,-20.65
205,MAJUPERAK HOLDINGS BERHAD,PROPERTY ,MJPERAK (8141),MAIN,57.84,257.05,0.43 *,52.33,0.62
206,MKH BERHAD,PROPERTY ,MKH (6114),MAIN,721.45,586.55,12.99 *,9.47,4.78
207,MK LAND HOLDINGS BERHAD,PROPERTY ,MKLAND (8893),MAIN,223.34,1207.0,1.36 *,13.6,1.36
208,MALAYSIA PACIFIC CORPORATION BERHAD,PROPERTY ,MPCORP (6548),MAIN,12.94,287.66,-0.17 *,-,-0.4
209,MALAYSIAN RESOURCES CORPORATION BERHAD,PROPERTY ,MRCB (1651),MAIN,4147.0,4412.0,1.90 *,49.47,1.73
210,MULTI-USAGE HOLDINGS BERHAD,PROPERTY ,MUH (9539),MAIN,30.47,56.42,-6.66 *,-,-5.74
211,MUI PROPERTIES BERHAD,PROPERTY ,MUIPROP (3913),MAIN,156.63,764.06,0.92 *,22.28,2.61
212,NAIM HOLDINGS BERHAD,PROPERTY ,NAIM (5073),MAIN,480.4,513.8,16.05 *,5.83,6.39
213,ORIENTAL INTEREST BERHAD,PROPERTY ,OIB (5827),MAIN,306.62,154.86,35.44 *,5.59,12.98
214,OSK HOLDINGS BERHAD,PROPERTY ,OSK (5053),MAIN,2001.0,2095.0,17.30 *,5.52,7.62
215,PARAMOUNT CORPORATION BERHAD,PROPERTY ,PARAMON (1724),MAIN,1022.9999999999999,433.34,21.72 *,10.87,8.72
216,PASDEC HOLDINGS BERHAD,PROPERTY ,PASDEC (6912),MAIN,152.14,400.37,-4.58 *,-,-5.39
217,PEGASUS HEIGHTS BERHAD,PROPERTY ,PHB (4464),MAIN,71.96,7196.0,-0.30 *,-,-5.77
218,PLB ENGINEERING BERHAD,PROPERTY ,PLB (7055),MAIN,129.25,112.4,-3.51 *,-,-2.56
219,PLENITUDE BERHAD,PROPERTY ,PLENITU (5075),MAIN,541.78,381.53,10.16 *,13.98,2.49
220,RAPID SYNERGY BERHAD,PROPERTY ,RAPID (7765),MAIN,614.65,106.9,2.28 *,252.19,1.7
221,SAPURA RESOURCES BERHAD,PROPERTY ,SAPRES (4596),MAIN,92.83,139.6,-4.66 *,-,-1.46
222,SBC CORPORATION BERHAD,PROPERTY ,SBCCORP (5207),MAIN,118.74,258.13,5.07 *,9.07,3.02
223,SELANGOR DREDGING BERHAD,PROPERTY ,SDRED (2224),MAIN,291.9,426.13,5.73 *,11.95,2.84
224,SEAL INCORPORATED BERHAD,PROPERTY ,SEAL (4286),MAIN,74.1,242.95,7.41 *,4.12,6.23
225,SHL CONSOLIDATED BHD,PROPERTY ,SHL (6017),MAIN,583.52,242.12,26.12 *,9.23,7.77
226,SIME DARBY PROPERTY BERHAD,PROPERTY ,SIMEPROP (5288),MAIN,6733.0,6801.0,-,-,-
227,SOUTH MALAYSIA INDUSTRIES BERHAD,PROPERTY ,SMI (4375),MAIN,35.69,209.94,-0.13 *,-,-0.16
228,SENTORIA GROUP BERHAD,PROPERTY ,SNTORIA (5213),MAIN,127.64,567.28,2.32 *,9.7,2.39
229,S P SETIA BERHAD,PROPERTY ,SPSETIA (8664),MAIN,8449.0,4042.0,16.38 *,12.76,5.35
230,SUNSURIA BERHAD,PROPERTY ,SUNSURIA (3743),MAIN,667.44,889.92,17.15 *,4.37,15.18
231,SYMPHONY LIFE BERHAD,PROPERTY ,SYMLIFE (1538),MAIN,242.02,590.28,13.25 *,3.09,8.66
232,TADMAX RESOURCES BERHAD,PROPERTY ,TADMAX (4022),MAIN,219.45,783.76,1.61 *,17.39,3.35
233,TA GLOBAL BERHAD,PROPERTY ,TAGB (5158),MAIN,1304.0,5322.0,0.88 *,27.84,1.47
234,TALAM TRANSFORM BERHAD,PROPERTY ,TALAMT (2259),MAIN,150.33,4295.0,0.12 *,29.17,1.33
235,TAMBUN INDAH LAND BERHAD,PROPERTY ,TAMBUN (5191),MAIN,338.09,433.45,12.49 *,6.24,8.73
236,TANCO HOLDINGS BERHAD,PROPERTY ,TANCO (2429),MAIN,32.91,731.43,-1.39 *,-,-6.59
237,THRIVEN GLOBAL BERHAD,PROPERTY ,THRIVEN (7889),MAIN,125.8,546.94,5.62 *,4.09,14.41
238,TIGER SYNERGY BERHAD,PROPERTY ,TIGER (7079),MAIN,63.46,1269.0,-0.24 *,-,-0.62
239,TITIJAYA LAND BERHAD,PROPERTY ,TITIJYA (5239),MAIN,396.61,1344.0,3.24 *,9.1,3.34
240,TROPICANA CORPORATION BERHAD,PROPERTY ,TROP (5401),MAIN,1243.0,1470.0,11.54 *,7.32,4.87
241,UEM SUNRISE BERHAD,PROPERTY ,UEMS (5148),MAIN,3653.0,4537.0,6.28 *,12.82,4
242,UOA DEVELOPMENT BHD,PROPERTY ,UOADEV (5200),MAIN,4151.0,1845.0,22.03 *,10.21,8.57
243,WMG HOLDINGS BERHAD,PROPERTY ,WMG (6378),MAIN,40.49,426.17,-5.38 *,-,-11.7
244,Y&G CORPORATION BHD,PROPERTY ,Y&G (7003),MAIN,181.44,199.38,4.13 *,22.03,2.85
245,YNH PROPERTY BERHAD,PROPERTY ,YNHPROP (3158),MAIN,1423.0,529.0,3.35 *,80.3,1.94
246,YONG TAI BERHAD,PROPERTY ,YONGTAI (7066),MAIN,170.95,534.21,-2.05 *,-,-1.85
247,YTL LAND & DEVELOPMENT BERHAD,PROPERTY ,YTLLAND (2577),MAIN,282.86,844.34,-16.26 *,-,-18.48
248,ASIA MEDIA GROUP BERHAD,TELECOMMUNICATIONS & MEDIA ,AMEDIA (0159),MAIN,32.33,239.46,-1.26 *,-,-14.65
249,AMTEL HOLDINGS BERHAD,TELECOMMUNICATIONS & MEDIA ,AMTEL (7031),MAIN,36.31,54.2,3.50 *,19.14,4.13
250,ASTRO MALAYSIA HOLDINGS BERHAD,TELECOMMUNICATIONS & MEDIA ,ASTRO (6399),MAIN,7561.0,5214.0,8.91 *,16.27,66.99
251,AXIATA GROUP BERHAD,TELECOMMUNICATIONS & MEDIA ,AXIATA (6888),MAIN,47286.0,9129.0,-45.77 *,-,-24.61
252,BINASAT COMMUNICATIONS BERHAD,TELECOMMUNICATIONS & MEDIA ,BINACOM (0195),ACE,81.9,260.0,3.15 *,10,10.86
253,BERJAYA MEDIA BERHAD,TELECOMMUNICATIONS & MEDIA ,BJMEDIA (6025),MAIN,42.32,235.08,-7.23 *,-,-
254,DIGI.COM BERHAD,TELECOMMUNICATIONS & MEDIA ,DIGI (6947),MAIN,39264.0,7775.0,19.35 *,26.1,215
255,ECOBUILT HOLDINGS BERHAD,TELECOMMUNICATIONS & MEDIA ,ECOHLDS (0059),MAIN,34.17,162.71,-3.09 *,-,-7.04
256,GREEN PACKET BERHAD,TELECOMMUNICATIONS & MEDIA ,GPACKET (0082),MAIN,349.94,908.92,-8.06 *,-,-47.41
257,INNITY CORPORATION BERHAD,TELECOMMUNICATIONS & MEDIA ,INNITY (0147),ACE,65.38,139.1,1.05 *,44.76,4.38
258,MAXIS BERHAD,TELECOMMUNICATIONS & MEDIA ,MAXIS (6012),MAIN,44029.0,7820.0,21.30 *,26.43,23.41
259,MEDIA PRIMA BERHAD,TELECOMMUNICATIONS & MEDIA ,MEDIA (4502),MAIN,526.87,1109.0,3.61 *,13.16,5.42
260,MEDIA CHINESE INTERNATIONAL LIMITED,TELECOMMUNICATIONS & MEDIA ,MEDIAC (5090),MAIN,312.14,1687.0,-2.73 *,-,-6.72
261,M N C WIRELESS BERHAD,TELECOMMUNICATIONS & MEDIA ,MNC (0103),ACE,31.09,478.38,-,-,-
262,MTOUCHE TECHNOLOGY BERHAD,TELECOMMUNICATIONS & MEDIA ,MTOUCHE (0092),ACE,30.51,508.56,-4.57 *,-,-38.4
263,NEXGRAM HOLDINGS BERHAD,TELECOMMUNICATIONS & MEDIA ,NEXGRAM (0096),ACE,41.42,2071.0,-2.55 *,-,-0.35
264,OCK GROUP BERHAD,TELECOMMUNICATIONS & MEDIA ,OCK (0172),MAIN,488.02,871.47,2.78 *,20.14,5.67
265,OPCOM HOLDINGS BERHAD,TELECOMMUNICATIONS & MEDIA ,OPCOM (0035),ACE,86.27,161.25,0.29 *,184.48,0.53
266,PELANGI PUBLISHING GROUP BHD.,TELECOMMUNICATIONS & MEDIA ,PPG (7190),MAIN,35.02,100.04,2.61 *,13.41,2.45
267,PRIVASIA TECHNOLOGY BERHAD,TELECOMMUNICATIONS & MEDIA ,PRIVA (0123),ACE,36.28,558.2,-0.83 *,-,-6.92
268,PUC BERHAD,TELECOMMUNICATIONS & MEDIA ,PUC (0007),ACE,183.42,2158.0,0.36 *,23.61,3.05
269,REDTONE INTERNATIONAL BERHAD,TELECOMMUNICATIONS & MEDIA ,REDTONE (0032),ACE,295.85,758.59,-,-,-
270,REV ASIA BERHAD,TELECOMMUNICATIONS & MEDIA ,REV (0173),ACE,24.91,134.64,-0.34 *,-,-6.8
271,SASBADI HOLDINGS BERHAD,TELECOMMUNICATIONS & MEDIA ,SASBADI (5252),MAIN,85.92,419.1,0.15 *,136.67,0.39
272,SEDANIA INNOVATOR BERHAD,TELECOMMUNICATIONS & MEDIA ,SEDANIA (0178),ACE,42.23,248.39,-1.56 *,-,-13.11
273,SENI JAYA CORPORATION BERHAD,TELECOMMUNICATIONS & MEDIA ,SJC (9431),MAIN,20.87,40.53,-3.21 *,-,-2.45
274,SILVER RIDGE HOLDINGS BHD,TELECOMMUNICATIONS & MEDIA ,SRIDGE (0129),ACE,31.58,140.35,-,-,-
275,STAR MEDIA GROUP BERHAD,TELECOMMUNICATIONS & MEDIA ,STAR (6084),MAIN,472.68,738.56,-0.34 *,-,-0.31
276,TIME DOTCOM BERHAD,TELECOMMUNICATIONS & MEDIA ,TIMECOM (5031),MAIN,5277.0,583.7,49.49 *,18.27,11.67
277,TELEKOM MALAYSIA BERHAD,TELECOMMUNICATIONS & MEDIA ,TM (4863),MAIN,16271.999999999998,3758.0,8.10 *,53.46,4.35
278,UTUSAN MELAYU (MALAYSIA) BERHAD,TELECOMMUNICATIONS & MEDIA ,UTUSAN (5754),MAIN,13.29,110.73,-170.52 *,-,-
279,XOX BHD,TELECOMMUNICATIONS & MEDIA ,XOX (0165),ACE,60.08,1092.0,-0.53 *,-,-4.73
280,MALAYSIA AIRPORTS HOLDINGS BERHAD,TRANSPORTATION & LOGISTICS ,AIRPORT (5014),MAIN,14535.0,1659.0,26.05 *,33.63,4.69
281,ANCOM LOGISTICS BERHAD,TRANSPORTATION & LOGISTICS ,ANCOMLB (0048),ACE,33.13,473.29,-0.18 *,-,-3.6
282,BOUSTEAD HEAVY INDUSTRIES CORPORATION BHD,TRANSPORTATION & LOGISTICS ,BHIC (8133),MAIN,313.06,248.46,-47.14 *,-,-51.24
283,BINTULU PORT HOLDINGS BERHAD,TRANSPORTATION & LOGISTICS ,BIPORT (5032),MAIN,2144.0,460.0,32.68 *,14.26,11.78
284,CHIN HIN GROUP PROPERTY BERHAD,TRANSPORTATION & LOGISTICS ,CHGP (7187),MAIN,92.1,297.11,1.15 *,26.96,2.88
285,CJ CENTURY LOGISTICS HOLDINGS BERHAD,TRANSPORTATION & LOGISTICS ,CJCEN (7117),MAIN,167.55,394.23,1.36 *,31.25,1.66
286,COMPLETE LOGISTIC SERVICES BERHAD,TRANSPORTATION & LOGISTICS ,COMPLET (5136),MAIN,100.33,125.41,8.52 *,9.39,6.98
287,E.A.TECHNIQUE (M) BERHAD,TRANSPORTATION & LOGISTICS ,EATECH (5259),MAIN,234.36,504.0,13.13 *,3.54,27.94
288,FREIGHT MANAGEMENT HOLDINGS BERHAD,TRANSPORTATION & LOGISTICS ,FREIGHT (7210),MAIN,170.33,279.22,5.98 *,10.2,5.75
289,GD EXPRESS CARRIER BERHAD,TRANSPORTATION & LOGISTICS ,GDEX (0078),MAIN,1664.0,5641.0,0.52 *,56.73,5.78
290,GUNUNG CAPITAL BERHAD,TRANSPORTATION & LOGISTICS ,GUNUNG (7676),MAIN,66.13,236.18,-1.75 *,-,-4.18
291,HARBOUR-LINK GROUP BERHAD,TRANSPORTATION & LOGISTICS ,HARBOUR (2062),MAIN,268.27,400.4,8.38 *,8,8.46
292,HUBLINE BERHAD,TRANSPORTATION & LOGISTICS ,HUBLINE (7013),MAIN,171.86,3819.0,-0.14 *,-,-2.8
293,INTEGRATED LOGISTICS BHD,TRANSPORTATION & LOGISTICS ,ILB (5614),MAIN,71.18,195.03,-50.21 *,-,-50.61
294,LINGKARAN TRANS KOTA HOLDINGS BERHAD,TRANSPORTATION & LOGISTICS ,LITRAK (6645),MAIN,2565.0,528.78,44.65 *,10.86,25.34
295,MARINE & GENERAL BERHAD,TRANSPORTATION & LOGISTICS ,M&G (5078),MAIN,54.29,723.88,-,-,-
296,MALAYSIAN BULK CARRIERS BERHAD,TRANSPORTATION & LOGISTICS ,MAYBULK (5077),MAIN,590.0,1000.0,26.74 *,2.21,70.18
297,MISC BERHAD,TRANSPORTATION & LOGISTICS ,MISC (3816),MAIN,32540.999999999996,4464.0,33.86 *,21.53,4.35
298,MMC CORPORATION BERHAD,TRANSPORTATION & LOGISTICS ,MMCCORP (2194),MAIN,3654.0,3045.0,7.63 *,15.73,2.55
299,NATIONWIDE EXPRESS HOLDINGS BERHAD,TRANSPORTATION & LOGISTICS ,NATWIDE (9806),MAIN,28.34,123.24,-27.15 *,-,-0.49
300,PDZ HOLDINGS BHD,TRANSPORTATION & LOGISTICS ,PDZ (6254),MAIN,23.87,681.99,-1.72 *,-,-21.5
301,POS MALAYSIA BERHAD,TRANSPORTATION & LOGISTICS ,POS (4634),MAIN,1472.0,782.78,-21.17 *,-,-9.67
302,PERAK CORPORATION BERHAD,TRANSPORTATION & LOGISTICS ,PRKCORP (8346),MAIN,35.0,100.0,-89.71 *,-,-76.68
303,SEALINK INTERNATIONAL BERHAD,TRANSPORTATION & LOGISTICS ,SEALINK (5145),MAIN,90.0,500.0,-3.62 *,-,-5.1
304,SEE HUP CONSOLIDATED BERHAD,TRANSPORTATION & LOGISTICS ,SEEHUP (7053),MAIN,68.36,80.43,-4.43 *,-,-4.29
305,STRAITS INTER LOGISTICS BERHAD,TRANSPORTATION & LOGISTICS ,STRAITS (0080),ACE,143.14,650.66,0.73 *,30.14,4.48
306,SURIA CAPITAL HOLDINGS BERHAD,TRANSPORTATION & LOGISTICS ,SURIA (6521),MAIN,463.4,345.82,15.72 *,8.52,4.97
307,SHIN YANG SHIPPING CORPORATION BERHAD,TRANSPORTATION & LOGISTICS ,SYSCORP (5173),MAIN,360.0,1200.0,-1.26 *,-,-1.29
308,TAS OFFSHORE BERHAD,TRANSPORTATION & LOGISTICS ,TAS (5149),MAIN,46.8,180.0,0.95 *,27.37,1.05
309,TASCO BERHAD,TRANSPORTATION & LOGISTICS ,TASCO (5140),MAIN,248.0,200.0,6.53 *,18.99,3.51
310,TIONG NAM LOGISTICS HOLDINGS BERHAD,TRANSPORTATION & LOGISTICS ,TNLOGIS (8397),MAIN,225.78,460.78,-0.45 *,-,-0.3
311,TRANSOCEAN HOLDINGS BHD,TRANSPORTATION & LOGISTICS ,TOCEAN (7218),MAIN,20.91,41.0,0.30 *,170,0.29
312,TRI-MODE SYSTEM (M) BERHAD,TRANSPORTATION & LOGISTICS ,TRIMODE (0199),ACE,59.76,166.0,1.21 *,29.75,2.88
313,WESTPORTS HOLDINGS BERHAD,TRANSPORTATION & LOGISTICS ,WPRTS (5246),MAIN,13640.0,3410.0,16.12 *,24.81,23.5
314,XIN HWA HOLDINGS BERHAD,TRANSPORTATION & LOGISTICS ,XINHWA (5267),MAIN,106.92,216.0,0.77 *,64.29,1.13
315,AMANAH HARTA TANAH PNB,REAL ESTATE INVESTMENT TRUSTS ,AHP (4952),MAIN,176.0,220.0,5.64 *,14.18,4.45
316,AL-`AQAR HEALTHCARE REIT,REAL ESTATE INVESTMENT TRUSTS ,ALAQAR (5116),MAIN,1111.0,735.99,12.31 *,12.27,9.55
317,AL-SALAM REAL ESTATE INVESTMENT TRUST,REAL ESTATE INVESTMENT TRUSTS ,ALSREIT (5269),MAIN,524.9,580.0,0 *,-,0
318,AMFIRST REAL ESTATE INVESTMENT TRUST,REAL ESTATE INVESTMENT TRUSTS ,AMFIRST (5120),MAIN,350.06,686.4,3.25 *,15.69,2.64
319,AMANAHRAYA REAL ESTATE INVESTMENT TRUST,REAL ESTATE INVESTMENT TRUSTS ,ARREIT (5127),MAIN,481.5,573.22,0 *,-,0
320,ATRIUM REAL ESTATE INVESTMENT TRUST,REAL ESTATE INVESTMENT TRUSTS ,ATRIUM (5130),MAIN,173.93,146.16,7.96 *,14.95,5.31
321,AXIS REAL ESTATE INVESTMENT TRUST,REAL ESTATE INVESTMENT TRUSTS ,AXREIT (5106),MAIN,2141.0,1237.0,12.13 *,14.26,9.04
322,CAPITALAND MALAYSIA MALL TRUST,REAL ESTATE INVESTMENT TRUSTS ,CMMT (5180),MAIN,2126.0,2044.0,6.40 *,16.25,5.06
323,HEKTAR REAL ESTATE INVESTMENT TRUST,REAL ESTATE INVESTMENT TRUSTS ,HEKTAR (5121),MAIN,459.65,461.96,6.79 *,14.65,4.95
324,IGB REAL ESTATE INVESTMENT TRUST,REAL ESTATE INVESTMENT TRUSTS ,IGBREIT (5227),MAIN,7050.0,3543.0,9.44 *,21.08,8.86
325,KIP REAL ESTATE INVESTMENT TRUST,REAL ESTATE INVESTMENT TRUSTS ,KIPREIT (5280),MAIN,424.45,505.3,6.91 *,12.16,6.91
326,MRCB-QUILL REIT,REAL ESTATE INVESTMENT TRUSTS ,MQREIT (5123),MAIN,1158.0,1072.0,6.67 *,16.19,5.37
327,PAVILION REAL ESTATE INVESTMENT TRUST,REAL ESTATE INVESTMENT TRUSTS ,PAVREIT (5212),MAIN,5744.0,3039.0,9.63 *,19.63,7.61
328,SUNWAY REAL ESTATE INVESTMENT TRUST,REAL ESTATE INVESTMENT TRUSTS ,SUNREIT (5176),MAIN,5596.0,2945.0,14.11 *,13.47,9.7
329,TOWER REAL ESTATE INVESTMENT TRUST,REAL ESTATE INVESTMENT TRUSTS ,TWRREIT (5111),MAIN,251.05,280.5,-,-,-
330,UOA REAL ESTATE INVESTMENT TRUST,REAL ESTATE INVESTMENT TRUSTS ,UOAREIT (5110),MAIN,558.19,422.87,8.57 *,15.4,4.99
331,YTL HOSPITALITY REIT,REAL ESTATE INVESTMENT TRUSTS ,YTLREIT (5109),MAIN,2301.0,1704.0,8.75 *,15.43,5.64
332,ALAM MARITIM RESOURCES BERHAD,ENERGY ,ALAM (5115),MAIN,89.88,946.13,-17.74 *,-,-41.26
333,BUMI ARMADA BERHAD,ENERGY ,ARMADA (5210),MAIN,1352.0,5877.0,-38.95 *,-,-68.33
334,BARAKAH OFFSHORE PETROLEUM BERHAD,ENERGY ,BARAKAH (7251),MAIN,50.15,835.79,-,-,-
335,CARIMIN PETROLEUM BERHAD,ENERGY ,CARIMIN (5257),MAIN,209.32,233.88,1.35 *,66.3,2.08
336,COASTAL CONTRACTS BHD,ENERGY ,COASTAL (5071),MAIN,499.98,531.89,-101.29 *,-,-44.84
337,DAYA MATERIALS BERHAD,ENERGY ,DAYA (0091),MAIN,30.64,2043.0000000000002,-7.79 *,-,-
338,DAYANG ENTERPRISE HOLDINGS BERHAD,ENERGY ,DAYANG (5141),MAIN,1351.0,964.81,18.78 *,7.45,16.33
339,DELEUM BERHAD,ENERGY ,DELEUM (5132),MAIN,397.54,401.55,7.12 *,13.9,8.79
340,DIALOG GROUP BERHAD,ENERGY ,DIALOG (7277),MAIN,19069.0,5642.0,9.04 *,37.39,13.59
341,HANDAL RESOURCES BERHAD,ENERGY ,HANDAL (7253),MAIN,73.03,175.97,-,-,-
342,HENGYUAN REFINING COMPANY BERHAD,ENERGY ,HENGYUAN (4324),MAIN,1551.0,300.0,-11.46 *,-,-1.74
343,HIBISCUS PETROLEUM BERHAD,ENERGY ,HIBISCS (5199),MAIN,1684.0,1588.0,19.14 *,5.54,25.18
344,SINO HUA-AN INTERNATIONAL BERHAD,ENERGY ,HUAAN (2739),MAIN,202.02,1122.0,1.77 *,10.17,5.21
345,ICON OFFSHORE BERHAD,ENERGY ,ICON (5255),MAIN,100.06,1177.0,-37.29 *,-,-932.25
346,KNM GROUP BERHAD,ENERGY ,KNM (7164),MAIN,950.47,2604.0,-28.34 *,-,-43.6
347,MALAYSIA MARINE AND HEAVY ENGINEERING HOLDINGS BERHAD,ENERGY ,MHB (5186),MAIN,1216.0,1600.0,-7.92 *,-,-5.33
348,PETRA ENERGY BERHAD,ENERGY ,PENERGY (5133),MAIN,254.18,321.75,-6.31 *,-,-6.01
349,PERDANA PETROLEUM BERHAD,ENERGY ,PERDANA (7108),MAIN,276.36,778.47,-0.92 *,-,-1.74
350,PERISAI PETROLEUM TEKNOLOGI BHD,ENERGY ,PERISAI (0047),MAIN,6.3,1261.0,-22.07 *,-,-
351,PETRON MALAYSIA REFINING & MARKETING BHD,ENERGY ,PETRONM (3042),MAIN,1639.0,270.0,77.75 *,7.81,12.17
352,REACH ENERGY BERHAD,ENERGY ,REACH (5256),MAIN,202.84,1096.0,-3.31 *,-,-4.36
353,SAPURA ENERGY BERHAD,ENERGY ,SAPNRG (5218),MAIN,4794.0,15979.0,1.47 *,20.41,1.69
354,SCOMI GROUP BERHAD,ENERGY ,SCOMI (7158),MAIN,87.51,1094.0,-,-,-
355,SCOMI ENERGY SERVICES BHD,ENERGY ,SCOMIES (7045),MAIN,234.18,2342.0,-,-,-
356,SERBA DINAMIK HOLDINGS BERHAD,ENERGY ,SERBADK (5279),MAIN,6080.0,1469.0,27.74 *,14.92,18.87
357,SUMATEC RESOURCES BERHAD,ENERGY ,SUMATEC (1201),MAIN,106.32,4253.0,-0.10 *,-,-1.1
358,TH HEAVY ENGINEERING BERHAD,ENERGY ,THHEAVY (7206),MAIN,67.28,1121.0,1.31 *,4.58,26.2
359,UZMA BERHAD,ENERGY ,UZMA (7250),MAIN,220.82,320.03,-,-,-
360,VELESTO ENERGY BERHAD,ENERGY ,VELESTO (5243),MAIN,2506.0,8216.0,-0.55 *,-,-1.66
361,WAH SEONG CORPORATION BERHAD,ENERGY ,WASEONG (5142),MAIN,565.67,774.89,7.19 *,10.15,5.66
362,YINSON HOLDINGS BERHAD,ENERGY ,YINSON (7293),MAIN,7852.0,1094.0,20.81 *,34.5,12.69
363,BRITE-TECH BERHAD,UTILITIES ,BTECH (0011),ACE,60.48,252.0,1.59 *,15.09,6.62
364,EDEN INC. BERHAD,UTILITIES ,EDEN (7471),MAIN,67.15,395.03,-1.21 *,-,-1.57
365,GAS MALAYSIA BERHAD,UTILITIES ,GASMSIA (5209),MAIN,3736.0,1284.0,14.12 *,20.61,18.01
366,MALAKOFF CORPORATION BERHAD,UTILITIES ,MALAKOF (5264),MAIN,4400.0,5000.0,5.77 *,15.25,5.02
367,MEGA FIRST CORPORATION BERHAD,UTILITIES ,MFCB (3069),MAIN,1610.0,420.46,31.26 *,12.25,9.03
368,PBA HOLDINGS BHD,UTILITIES ,PBA (5041),MAIN,380.96,331.27,-30.28 *,-,-14.77
369,PETRONAS GAS BERHAD,UTILITIES ,PETGAS (6033),MAIN,34034.0,1979.0,93.12 *,18.47,14.19
370,RANHILL HOLDINGS BERHAD,UTILITIES ,RANHILL (5272),MAIN,1386.0,1066.0,4.58 *,28.38,7.27
371,SALCON BERHAD,UTILITIES ,SALCON (8567),MAIN,216.01,847.11,0.94 *,27.13,1.71
372,TALIWORKS CORPORATION BERHAD,UTILITIES ,TALIWRK (8524),MAIN,1834.0,2016.0,5.12 *,17.77,9.92
373,TENAGA NASIONAL BHD,UTILITIES ,TENAGA (5347),MAIN,77797.0,5687.0,55.58 *,24.61,5.48
374,YTL CORPORATION BERHAD,UTILITIES ,YTL (4677),MAIN,12220.0,10911.0,1.95 *,57.44,1.5
375,YTL POWER INTERNATIONAL BHD,UTILITIES ,YTLPOWR (6742),MAIN,6527.0,8157.999999999999,6.33 *,12.64,3.84
376,ALLIANCE BANK MALAYSIA BERHAD,FINANCIAL SERVICES ,ABMB (2488),MAIN,5759.0,1548.0,34.73 *,10.71,9.39
377,AEON CREDIT SERVICE (M) BERHAD,FINANCIAL SERVICES ,AEONCR (5139),MAIN,4190.0,250.89,135.51 *,12.32,21.72
378,AFFIN BANK BERHAD,FINANCIAL SERVICES ,AFFIN (5185),MAIN,4171.0,1986.0,25.12 *,8.36,5.48
379,ALLIANZ MALAYSIA BERHAD,FINANCIAL SERVICES ,ALLIANZ (1163),MAIN,2439.0,176.77,219.90 *,6.28,11.15
380,AMMB HOLDINGS BERHAD,FINANCIAL SERVICES ,AMBANK (1015),MAIN,12991.0,3014.0,49.94 *,8.63,8.51
381,APEX EQUITY HOLDINGS BERHAD,FINANCIAL SERVICES ,APEX (5088),MAIN,196.48,213.56,3.38 *,27.22,2.27
382,BIMB HOLDINGS BERHAD,FINANCIAL SERVICES ,BIMB (5258),MAIN,7992.0,1764.0,40.38 *,11.22,13.07
383,BURSA MALAYSIA BERHAD,FINANCIAL SERVICES ,BURSA (1818),MAIN,5635.0,808.5,25.62 *,27.21,26.14
384,CIMB GROUP HOLDINGS BERHAD,FINANCIAL SERVICES ,CIMB (1023),MAIN,50583.0,9727.0,56.23 *,9.25,10.18
385,ECM LIBRA FINANCIAL GROUP BERHAD,FINANCIAL SERVICES ,ECM (2143),MAIN,127.18,479.93,0.98 *,27.04,2.72
386,ELK-DESA RESOURCES BERHAD,FINANCIAL SERVICES ,ELKDESA (5228),MAIN,462.5,296.47,11.10 *,14.05,7.99
387,FINTEC GLOBAL BERHAD,FINANCIAL SERVICES ,FINTEC (0150),ACE,30.66,613.14,-6.48 *,-,-26.23
388,HONG LEONG BANK BERHAD,FINANCIAL SERVICES ,HLBANK (5819),MAIN,40320.0,2168.0,122.44 *,15.19,10.06
389,HONG LEONG CAPITAL BERHAD,FINANCIAL SERVICES ,HLCAP (5274),MAIN,2370.0,246.9,29.05 *,33.05,8.88
390,HONG LEONG FINANCIAL GROUP BERHAD,FINANCIAL SERVICES ,HLFG (1082),MAIN,21550.0,1148.0,166.01 *,11.31,9.94
391,INSAS BERHAD,FINANCIAL SERVICES ,INSAS (3379),MAIN,558.13,693.33,10.22 *,7.88,3.95
392,JOHAN HOLDINGS BERHAD,FINANCIAL SERVICES ,JOHAN (3441),MAIN,52.95,622.95,-13.61 *,-,-85.6
393,KENANGA INVESTMENT BANK BERHAD,FINANCIAL SERVICES ,KENANGA (6483),MAIN,411.96,722.74,0.59 *,96.61,0.46
394,KUCHAI DEVELOPMENT BERHAD,FINANCIAL SERVICES ,KUCHAI (2186),MAIN,206.66,123.75,-4.03 *,-,-1.02
395,LPI CAPITAL BHD,FINANCIAL SERVICES ,LPI (8621),MAIN,6374.0,398.38,80.00 *,20,15.98
396,MAA GROUP BERHAD,FINANCIAL SERVICES ,MAA (1198),MAIN,263.94,273.52,-3.02 *,-,-1.54
397,MANULIFE HOLDINGS BERHAD,FINANCIAL SERVICES ,MANULFE (1058),MAIN,576.75,202.37,13.10 *,21.76,3.16
398,MALAYAN BANKING BERHAD,FINANCIAL SERVICES ,MAYBANK (1155),MAIN,100273.0,11241.0,71.62 *,12.45,10.12
399,MALAYSIA BUILDING SOCIETY BERHAD,FINANCIAL SERVICES ,MBSB (1171),MAIN,5782.0,6389.0,6.41 *,14.12,5.19
400,MNRB HOLDINGS BERHAD,FINANCIAL SERVICES ,MNRB (6459),MAIN,859.1,767.05,12.55 *,8.92,4.31
401,MPHB CAPITAL BERHAD,FINANCIAL SERVICES ,MPHBCAP (5237),MAIN,829.4,715.0,3.89 *,29.82,2.04
402,OSK VENTURES INTERNATIONAL BERHAD,FINANCIAL SERVICES ,OSKVI (0053),ACE,85.95,197.6,-7.35 *,-,-8.26
403,PACIFIC & ORIENT BERHAD,FINANCIAL SERVICES ,P&O (6009),MAIN,284.08,286.95,-1.21 *,-,-1.09
404,PUBLIC BANK BERHAD,FINANCIAL SERVICES ,PBBANK (1295),MAIN,89134.0,3882.0,144.13 *,15.93,13.66
405,RCE CAPITAL BERHAD,FINANCIAL SERVICES ,RCECAP (9296),MAIN,590.32,364.39,26.22 *,6.18,15.33
406,RHB BANK BERHAD,FINANCIAL SERVICES ,RHBBANK (1066),MAIN,22978.0,4010.0,58.47 *,9.8,9.62
407,TA ENTERPRISE BERHAD,FINANCIAL SERVICES ,TA (4898),MAIN,1096.0,1712.0,6.38 *,10.03,4.2
408,SYARIKAT TAKAFUL MALAYSIA KELUARGA BERHAD,FINANCIAL SERVICES ,TAKAFUL (6139),MAIN,5746.0,826.79,38.87 *,17.88,29.45
409,TUNE PROTECT GROUP BERHAD,FINANCIAL SERVICES ,TUNEPRO (5230),MAIN,545.03,751.76,6.80 *,10.66,9.32
