Name,Sector,Code,Market,Number,Mktcap,Share_count,EPS,PERatio,ROE
AEMULUS HOLDINGS BERHAD,TECHNOLOGY ,AEMULUS (0181),ACE,181,153.69m,548.90m,0.73 *,38.36,5.21
APPASIA BERHAD,TECHNOLOGY ,APPASIA (0119),ACE,119,31.07m,345.25m,-0.35 *,-,-4.49
ASDION BERHAD,TECHNOLOGY ,ASDION (0068),ACE,68,22.38m,127.90m,-1.67 *,-,-24.56
CABNET HOLDINGS BERHAD,TECHNOLOGY ,CABNET (0191),ACE,191,36.64m,178.75m,2.39 *,8.58,8.98
CENSOF HOLDINGS BERHAD,TECHNOLOGY ,CENSOF (5195),MAIN,5195,70.25m,501.76m,0.14 *,100,0.54
CUSCAPI BERHAD,TECHNOLOGY ,CUSCAPI (0051),MAIN,51,180.45m,859.27m,-2.03 *,-,-18.45
D&O GREEN TECHNOLOGIES BERHAD,TECHNOLOGY ,D&O (7204),MAIN,7204,682.13m,1.109b,3.32 *,18.52,11.07
DATAPREP HOLDINGS BHD,TECHNOLOGY ,DATAPRP (8338),MAIN,8338,85.48m,427.40m,-2.77 *,-,-69.25
DGB ASIA BERHAD,TECHNOLOGY ,DGB (0152),ACE,152,79.40m,756.17m,-,-,-
DIVERSIFIED GATEWAY SOLUTIONS BERHAD,TECHNOLOGY ,DGSB (0131),ACE,131,70.84m,745.73m,-,-,-
DIGISTAR CORPORATION BERHAD,TECHNOLOGY ,DIGISTA (0029),MAIN,29,32.92m,658.34m,-3.06 *,-,-0.32
DAGANG NEXCHANGE BERHAD,TECHNOLOGY ,DNEX (4456),MAIN,4456,509.83m,1.758b,1.77 *,16.38,6.81
DATASONIC GROUP BERHAD,TECHNOLOGY ,DSONIC (5216),MAIN,5216,999.00m,1.350b,2.71 *,27.31,13.9
EA HOLDINGS BERHAD,TECHNOLOGY ,EAH (0154),ACE,154,50.72m,5.072b,-0.94 *,-,-23.5
EDARAN BERHAD,TECHNOLOGY ,EDARAN (5036),MAIN,5036,27.90m,60.00m,7.97 *,5.83,-
EDUSPEC HOLDINGS BERHAD,TECHNOLOGY ,EDUSPEC (0107),ACE,107,38.56m,1.102b,-,-,-
EXCEL FORCE MSC BERHAD,TECHNOLOGY ,EFORCE (0065),MAIN,65,271.50m,441.46m,1.55 *,39.68,12.92
ELSOFT RESEARCH BERHAD,TECHNOLOGY ,ELSOFT (0090),MAIN,90,624.05m,667.43m,5.50 *,17,30.56
FRONTKEN CORPORATION BERHAD,TECHNOLOGY ,FRONTKN (0128),MAIN,128,1.622b,1.053b,5.82 *,26.46,18.77
FSBM HOLDINGS BERHAD,TECHNOLOGY ,FSBM (9377),MAIN,9377,13.42m,141.31m,-0.36 *,-,-9
GENETEC TECHNOLOGY BERHAD,TECHNOLOGY ,GENETEC (0104),ACE,104,49.90m,42.29m,13.27 *,8.89,7.41
GHL SYSTEMS BERHAD,TECHNOLOGY ,GHLSYS (0021),MAIN,21,1.049b,749.21m,3.34 *,41.92,6.03
G NEPTUNE BERHAD,TECHNOLOGY ,GNB (0045),ACE,45,18.77m,288.75m,-0.32 *,-,-
GRAND-FLO BERHAD,TECHNOLOGY ,GRANFLO (0056),MAIN,56,118.36m,483.12m,2.06 *,11.89,8.51
GREATECH TECHNOLOGY BERHAD,TECHNOLOGY ,GREATEC (0208),ACE,208,682.34m,626.00m,-,-,-
GLOBETRONICS TECHNOLOGY BERHAD,TECHNOLOGY ,GTRONIC (7022),MAIN,7022,1.218b,669.13m,8.67 *,20.99,20.64
HEITECH PADU BERHAD,TECHNOLOGY ,HTPADU (5028),MAIN,5028,91.61m,101.23m,-29.29 *,-,-30.83
IDIMENSION CONSOLIDATED BHD,TECHNOLOGY ,IDMENSN (0174),ACE,174,6.80m,271.96m,-,-,-
IFCA MSC BERHAD,TECHNOLOGY ,IFCAMSC (0023),ACE,23,228.11m,608.29m,1.98 *,18.94,9.9
INARI AMERTRON BERHAD,TECHNOLOGY ,INARI (0166),MAIN,166,5.180b,3.178b,6.62 *,24.62,19.08
INIX TECHNOLOGIES HOLDINGS BERHAD,TECHNOLOGY ,INIX (0094),ACE,94,16.27m,271.14m,-7.32 *,-,-89.27
IRIS CORPORATION BERHAD,TECHNOLOGY ,IRIS (0010),ACE,10,444.94m,2.966b,1.29 *,11.63,14.02
INDUSTRONICS BERHAD,TECHNOLOGY ,ITRONIC (9393),MAIN,9393,12.43m,113.04m,-1.76 *,-,-13.54
JCY INTERNATIONAL BERHAD,TECHNOLOGY ,JCY (5161),MAIN,5161,415.37m,2.077b,-4.52 *,-,-10.07
JF TECHNOLOGY BERHAD,TECHNOLOGY ,JFTECH (0146),ACE,146,160.65m,210.00m,-0.02 *,-,-0.13
JHM CONSOLIDATION BERHAD,TECHNOLOGY ,JHM (0127),ACE,127,691.42m,557.60m,6.81 *,18.21,20.03
KESM INDUSTRIES BERHAD,TECHNOLOGY ,KESM (9334),MAIN,9334,356.59m,43.01m,35.57 *,23.31,4.26
KEY ASIC BERHAD,TECHNOLOGY ,KEYASIC (0143),MAIN,143,109.32m,950.57m,0.24 *,47.92,6.86
KEY ALLIANCE GROUP BERHAD,TECHNOLOGY ,KGROUP (0036),ACE,36,20.83m,520.71m,-1.34 *,-,-8.87
KRONOLOGI ASIA BERHAD,TECHNOLOGY ,KRONO (0176),ACE,176,308.24m,489.28m,3.68 *,17.12,8.76
LAMBO GROUP BERHAD,TECHNOLOGY ,LAMBO (0018),ACE,18,136.64m,2.102b,0.78 *,8.33,13.45
LYC HEALTHCARE BERHAD,TECHNOLOGY ,LYC (0075),ACE,75,97.46m,324.86m,-1.80 *,-,-25.71
MI TECHNOVATION BERHAD,TECHNOLOGY ,MI (5286),MAIN,5286,890.00m,500.00m,8.93 *,19.93,13.13
MICROLINK SOLUTIONS BERHAD,TECHNOLOGY ,MICROLN (0126),ACE,126,75.32m,167.37m,0.55 *,81.82,4.7
MIKRO MSC BERHAD,TECHNOLOGY ,MIKROMB (0112),ACE,112,96.95m,430.89m,0.90 *,25,6.43
MLABS SYSTEMS BERHAD,TECHNOLOGY ,MLAB (0085),ACE,85,30.17m,670.50m,-,-,-
MMAG HOLDINGS BERHAD,TECHNOLOGY ,MMAG (0034),ACE,34,174.02m,682.42m,-,-,-
MMS VENTURES BERHAD,TECHNOLOGY ,MMSV (0113),MAIN,113,153.88m,203.81m,3.27 *,23.09,10.9
MANAGEPAY SYSTEMS BERHAD,TECHNOLOGY ,MPAY (0156),ACE,156,74.60m,710.47m,-1.02 *,-,-7.85
MALAYSIAN PACIFIC INDUSTRIES BERHAD,TECHNOLOGY ,MPI (3867),MAIN,3867,1.939b,209.88m,65.42 *,14.12,9.76
MQ TECHNOLOGY BERHAD,TECHNOLOGY ,MQTECH (0070),ACE,70,19.27m,642.28m,-0.94 *,-,-11.75
MESINIAGA BERHAD,TECHNOLOGY ,MSNIAGA (5011),MAIN,5011,74.29m,60.40m,-21.98 *,-,-11.95
MY E.G. SERVICES BERHAD,TECHNOLOGY ,MYEG (0138),MAIN,138,5.518b,3.606b,-,-,-
MSCM HOLDINGS BERHAD,TECHNOLOGY ,MYSCM (0041),MAIN,41,55.75m,265.49m,-4.92 *,-,-76.88
NETX HOLDINGS BERHAD,TECHNOLOGY ,NETX (0020),ACE,20,61.05m,3.052b,-0.46 *,-,-15.33
NOTION VTEC BERHAD,TECHNOLOGY ,NOTION (0083),MAIN,83,179.91m,333.18m,14.80 *,3.65,12.35
NOVA MSC BERHAD,TECHNOLOGY ,NOVAMSC (0026),ACE,26,78.91m,751.56m,1.10 *,9.55,15.71
OMESTI BERHAD,TECHNOLOGY ,OMESTI (9008),MAIN,9008,193.67m,478.21m,-3.63 *,-,-11.75
OPENSYS (M) BERHAD,TECHNOLOGY ,OPENSYS (0040),ACE,40,95.33m,297.89m,3.28 *,9.76,17.26
ORION IXL BERHAD,TECHNOLOGY ,ORION (0079),ACE,79,102.54m,707.18m,-,-,-
PENTAMASTER CORPORATION BERHAD,TECHNOLOGY ,PENTA (7160),MAIN,7160,1.558b,474.88m,14.63 *,22.42,12.33
PINEAPPLE RESOURCES BERHAD,TECHNOLOGY ,PINEAPP (0006),ACE,6,16.01m,48.50m,-0.32 *,-,-0.59
PRESTARIANG BERHAD,TECHNOLOGY ,PRESBHD (5204),MAIN,5204,242.00m,484.00m,-,-,-
REVENUE GROUP BERHAD,TECHNOLOGY ,REVENUE (0200),ACE,200,382.80m,232.00m,3.69 *,44.72,16.77
REXIT BERHAD,TECHNOLOGY ,REXIT (0106),ACE,106,123.07m,189.33m,4.13 *,15.74,21.74
RADIANT GLOBALTECH BERHAD,TECHNOLOGY ,RGTECH (0202),ACE,202,112.92m,525.20m,0.65 *,33.08,5.75
SECUREMETRIC BERHAD,TECHNOLOGY ,SMETRIC (0203),ACE,203,131.54m,243.60m,-,-,-
SMRT HOLDINGS BERHAD,TECHNOLOGY ,SMRT (0117),ACE,117,44.78m,407.05m,-1.70 *,-,-4.63
SMTRACK BERHAD,TECHNOLOGY ,SMTRACK (0169),ACE,169,34.99m,148.90m,-2.82 *,-,-31.33
SOLUTION ENGINEERING HOLDINGS BERHAD,TECHNOLOGY ,SOLUTN (0093),ACE,93,27.58m,306.45m,-0.93 *,-,-7.5
SYSTECH BHD,TECHNOLOGY ,SYSTECH (0050),ACE,50,67.80m,347.71m,0.22 *,88.64,0.01
TECHNODEX BHD,TECHNOLOGY ,TDEX (0132),ACE,132,38.38m,590.42m,-,-,-
TFP SOLUTIONS BERHAD,TECHNOLOGY ,TFP (0145),ACE,145,28.08m,208.01m,-1.23 *,-,-25.1
THETA EDGE BERHAD,TECHNOLOGY ,THETA (9075),MAIN,9075,49.33m,107.24m,-2.07 *,-,-3.45
TRIVE PROPERTY GROUP BERHAD,TECHNOLOGY ,TRIVE (0118),MAIN,118,35.20m,2.346b,-,-,-
TURIYA BERHAD,TECHNOLOGY ,TURIYA (4359),MAIN,4359,28.59m,228.73m,-0.68 *,-,-1.28
UCREST BERHAD,TECHNOLOGY ,UCREST (0005),ACE,5,111.37m,464.03m,3.13 *,7.67,34.78
UNISEM (M) BERHAD,TECHNOLOGY ,UNISEM (5005),MAIN,5005,1.702b,733.83m,13.06 *,17.76,6.57
UWC BERHAD,TECHNOLOGY ,UWC (5292),MAIN,5292,502.52m,366.80m,-,-,-
VORTEX CONSOLIDATED BERHAD,TECHNOLOGY ,VC (0060),ACE,60,64.14m,388.72m,0.07 *,235.71,0.3
VISDYNAMICS HOLDINGS BERHAD,TECHNOLOGY ,VIS (0120),ACE,120,69.36m,169.17m,3.52 *,11.65,14.67
VITROX CORPORATION BERHAD,TECHNOLOGY ,VITROX (0097),MAIN,97,3.286b,470.74m,23.12 *,30.19,24.89
VIVOCOM INTL HOLDINGS BERHAD,TECHNOLOGY ,VIVOCOM (0069),ACE,69,84.97m,5.665b,-1.27 *,-,-15.88
VSOLAR GROUP BERHAD,TECHNOLOGY ,VSOLAR (0066),ACE,66,67.56m,386.07m,-0.46 *,-,-11.5
VSTECS BERHAD,TECHNOLOGY ,VSTECS (5162),MAIN,5162,183.60m,180.00m,13.61 *,7.49,8.4
WILLOWGLEN MSC BERHAD,TECHNOLOGY ,WILLOW (0008),MAIN,8,220.72m,496.00m,2.72 *,16.36,8.5
WINTONI GROUP BERHAD,TECHNOLOGY ,WINTONI (0141),ACE,141,17.96m,513.00m,-0.32 *,-,-
YGL CONVERGENCE BERHAD,TECHNOLOGY ,YGL (0086),ACE,86,31.36m,232.29m,-1.02 *,-,-14.57
ADVENTA BERHAD,HEALTH CARE ,ADVENTA (7191),MAIN,7191,62.64m,152.79m,-,-,-
APEX HEALTHCARE BERHAD,HEALTH CARE ,AHEALTH (7090),MAIN,7090,994.07m,471.12m,12.06 *,17.5,3.61
CAREPLUS GROUP BERHAD,HEALTH CARE ,CAREPLS (0163),ACE,163,82.36m,531.36m,-0.16 *,-,-0.83
DUOPHARMA BIOTECH BERHAD,HEALTH CARE ,DPHARMA (7148),MAIN,7148,906.78m,661.88m,7.77 *,17.63,10.36
HARTALEGA HOLDINGS BERHAD,HEALTH CARE ,HARTA (5168),MAIN,5168,17.492b,3.351b,13.61 *,38.35,20.31
IHH HEALTHCARE BERHAD,HEALTH CARE ,IHH (5225),MAIN,5225,50.801b,8.774b,7.52 *,76.99,3.01
KOSSAN RUBBER INDUSTRIES BERHAD,HEALTH CARE ,KOSSAN (7153),MAIN,7153,5.116b,1.279b,16.97 *,23.57,16.48
KOTRA INDUSTRIES BERHAD,HEALTH CARE ,KOTRA (0002),MAIN,2,273.53m,143.96m,14.76 *,12.87,12.83
KPJ HEALTHCARE BERHAD,HEALTH CARE ,KPJ (5878),MAIN,5878,4.394b,4.438b,3.97 *,24.94,10.45
LKL INTERNATIONAL BERHAD,HEALTH CARE ,LKL (0182),ACE,182,47.17m,428.80m,-0.58 *,-,-4.46
MALAYSIAN GENOMICS RESOURCE CENTRE BERHAD,HEALTH CARE ,MGRC (0155),ACE,155,26.91m,103.51m,-3.82 *,-,-22.87
NOVA WELLNESS GROUP BERHAD,HEALTH CARE ,NOVA (0201),ACE,201,144.57m,317.74m,2.64 *,17.23,11.48
PHARMANIAGA BERHAD,HEALTH CARE ,PHARMA (7081),MAIN,7081,726.22m,261.23m,17.03 *,16.32,8.39
SUPERMAX CORPORATION BERHAD,HEALTH CARE ,SUPERMX (7106),MAIN,7106,2.217b,1.360b,8.71 *,18.71,10.75
TMC LIFE SCIENCES BERHAD,HEALTH CARE ,TMCLIFE (0101),MAIN,101,1.245b,1.742b,1.74 *,41.09,4.05
TOP GLOVE CORPORATION BHD,HEALTH CARE ,TOPGLOV (7113),MAIN,7113,12.112b,2.561b,15.31 *,30.89,15.78
Y.S.P.SOUTHEAST ASIA HOLDING BERHAD,HEALTH CARE ,YSPSAH (7178),MAIN,7178,340.58m,139.58m,20.39 *,11.97,8.87
ASTRAL ASIA BERHAD,PLANTATION ,AASIA (7054),MAIN,7054,105.60m,659.98m,-0.56 *,-,-1.89
BATU KAWAN BERHAD,PLANTATION ,BKAWAN (1899),MAIN,1899,7.246b,435.95m,90.33 *,18.4,6.19
BLD PLANTATION BHD.,PLANTATION ,BLDPLNT (5069),MAIN,5069,629.26m,93.50m,-,-,-
BOUSTEAD PLANTATIONS BERHAD,PLANTATION ,BPLANT (5254),MAIN,5254,1.635b,2.240b,-3.27 *,-,-2.7
CEPATWAWASAN GROUP BERHAD,PLANTATION ,CEPAT (8982),MAIN,8982,176.74m,318.45m,0.13 *,426.92,0.12
CHIN TECK PLANTATIONS BERHAD,PLANTATION ,CHINTEK (1929),MAIN,1929,590.21m,91.36m,59.21 *,10.91,8.12
DUTALAND BERHAD,PLANTATION ,DUTALND (3948),MAIN,3948,372.29m,846.12m,46.10 *,0.95,29.94
FAR EAST HOLDINGS BERHAD,PLANTATION ,FAREAST (5029),MAIN,5029,1.556b,593.84m,7.69 *,34.07,4.18
FGV HOLDINGS BERHAD,PLANTATION ,FGV (5222),MAIN,5222,4.122b,3.648b,-29.73 *,-,-24.57
GENTING PLANTATIONS BERHAD,PLANTATION ,GENP (2291),MAIN,2291,8.992b,897.36m,11.77 *,85.13,2.27
GOLDEN LAND BERHAD,PLANTATION ,GLBHD (7382),MAIN,7382,93.62m,222.91m,-9.72 *,-,-4.79
GOPENG BERHAD,PLANTATION ,GOPENG (2135),MAIN,2135,186.95m,268.99m,0.07 *,992.86,0.06
HARN LEN CORPORATION BHD,PLANTATION ,HARNLEN (7501),MAIN,7501,122.41m,185.48m,-12.12 *,-,-7.62
HAP SENG PLANTATIONS HOLDINGS BERHAD,PLANTATION ,HSPLANT (5138),MAIN,5138,1.256b,800.00m,2.26 *,69.47,1.11
IJM PLANTATIONS BERHAD,PLANTATION ,IJMPLNT (2216),MAIN,2216,1.294b,880.58m,-4.13 *,-,-2.74
INCH KENNETH KAJANG RUBBER PUBLIC LTD CO,PLANTATION ,INCKEN (2607),MAIN,2607,250.35m,420.75m,-3.37 *,-,-2.04
INNOPRISE PLANTATIONS BERHAD,PLANTATION ,INNO (6262),MAIN,6262,325.62m,478.86m,2.09 *,32.54,1.62
IOI CORPORATION BERHAD,PLANTATION ,IOICORP (1961),MAIN,1961,26.710b,6.285b,9.88 *,43.02,6.72
JAYA TIASA HOLDINGS BHD,PLANTATION ,JTIASA (4383),MAIN,4383,462.52m,973.72m,-22.31 *,-,-17.57
KUALA LUMPUR KEPONG BERHAD,PLANTATION ,KLK (2445),MAIN,2445,25.898b,1.068b,59.70 *,40.64,5.98
KLUANG RUBBER COMPANY (MALAYA) BERHAD,PLANTATION ,KLUANG (2453),MAIN,2453,214.15m,63.17m,-13.76 *,-,-1.28
KIM LOONG RESOURCES BERHAD,PLANTATION ,KMLOONG (5027),MAIN,5027,1.094b,935.41m,4.97 *,23.54,6.21
KRETAM HOLDINGS BERHAD,PLANTATION ,KRETAM (1996),MAIN,1996,907.77m,2.328b,-1.30 *,-,-4.98
KWANTAS CORPORATION BERHAD,PLANTATION ,KWANTAS (6572),MAIN,6572,218.17m,311.68m,-38.75 *,-,-10.25
MALPAC HOLDINGS BERHAD,PLANTATION ,MALPAC (4936),MAIN,4936,59.25m,75.00m,-7.70 *,-,-3.44
MATANG BERHAD,PLANTATION ,MATANG (0189),ACE,189,126.70m,1.810b,0.13 *,53.85,1.3
MHC PLANTATIONS BHD,PLANTATION ,MHC (5026),MAIN,5026,115.96m,196.54m,1.29 *,45.74,1.02
NPC RESOURCES BERHAD,PLANTATION ,NPC (5047),MAIN,5047,228.00m,120.00m,-38.61 *,-,-17.47
NEGRI SEMBILAN OIL PALMS BERHAD,PLANTATION ,NSOP (2038),MAIN,2038,245.00m,70.20m,13.61 *,25.64,1.74
PINEHILL PACIFIC BERHAD,PLANTATION ,PINEPAC (1902),MAIN,1902,46.44m,149.80m,-21.29 *,-,-45.3
PLS PLANTATIONS BERHAD,PLANTATION ,PLS (9695),MAIN,9695,322.64m,350.70m,-4.21 *,-,-7.61
RIMBUNAN SAWIT BERHAD,PLANTATION ,RSAWIT (5113),MAIN,5113,262.42m,1.418b,-9.98 *,-,-33.27
RIVERVIEW RUBBER ESTATES BERHAD,PLANTATION ,RVIEW (2542),MAIN,2542,190.66m,64.85m,4.02 *,73.13,0.98
SUNGEI BAGAN RUBBER COMPANY (MALAYA) BERHAD,PLANTATION ,SBAGAN (2569),MAIN,2569,192.36m,66.33m,-12.25 *,-,-1.36
SIN HENG CHAN (MALAYA) BERHAD,PLANTATION ,SHCHAN (4316),MAIN,4316,40.88m,131.87m,-5.75 *,-,-13.37
SIME DARBY PLANTATION BERHAD,PLANTATION ,SIMEPLT (5285),MAIN,5285,33.252b,6.885b,-,-,-
SARAWAK OIL PALMS BERHAD,PLANTATION ,SOP (5126),MAIN,5126,1.302b,570.87m,7.63 *,29.88,2.02
SARAWAK PLANTATION BERHAD,PLANTATION ,SWKPLNT (5135),MAIN,5135,462.00m,280.00m,6.28 *,26.27,3.19
TA ANN HOLDINGS BERHAD,PLANTATION ,TAANN (5012),MAIN,5012,1.001b,444.84m,18.44 *,12.2,5.84
TDM BERHAD,PLANTATION ,TDM (2054),MAIN,2054,319.70m,1.683b,-4.66 *,-,-8.32
TH PLANTATIONS BERHAD,PLANTATION ,THPLANT (5112),MAIN,5112,446.34m,883.85m,-68.56 *,-,-81.62
TSH RESOURCES BERHAD,PLANTATION ,TSH (9059),MAIN,9059,1.244b,1.382b,2.59 *,34.75,2.6
UNITED MALACCA BERHAD,PLANTATION ,UMCCA (2593),MAIN,2593,1.101b,209.69m,-19.92 *,-,-2.85
UNITED PLANTATIONS BERHAD,PLANTATION ,UTDPLT (2089),MAIN,2089,5.516b,208.13m,-,-,-
ACME HOLDINGS BERHAD,PROPERTY ,ACME (7131),MAIN,7131,54.91m,238.76m,3.97 *,5.79,0.12
AMCORP PROPERTIES BERHAD,PROPERTY ,AMPROP (1007),MAIN,1007,335.61m,610.21m,4.00 *,13.75,2.58
AMVERTON BERHAD,PROPERTY ,AMVERTON (5959),MAIN,5959,397.92m,365.06m,19.93 *,5.47,10.17
ARK RESOURCES HOLDINGS BERHAD,PROPERTY ,ARK (7007),MAIN,7007,13.63m,48.67m,-6.17 *,-,-20.57
ASIAN PAC HOLDINGS BERHAD,PROPERTY ,ASIAPAC (4057),MAIN,4057,140.01m,1.037b,5.08 *,2.66,5.03
AYER HOLDINGS BERHAD,PROPERTY ,AYER (2305),MAIN,2305,344.32m,74.85m,27.79 *,16.55,4.03
BCB BERHAD,PROPERTY ,BCB (6602),MAIN,6602,96.94m,412.50m,8.32 *,2.82,6.99
BINA DARULAMAN BERHAD,PROPERTY ,BDB (6173),MAIN,6173,113.95m,303.85m,-12.26 *,-,-8.23
BERTAM ALLIANCE BERHAD,PROPERTY ,BERTAM (9814),MAIN,9814,51.69m,206.76m,-1.76 *,-,-1.98
BERJAYA ASSETS BERHAD,PROPERTY ,BJASSET (3239),MAIN,3239,780.24m,2.558b,-1.15 *,-,-1.26
COUNTRY HEIGHTS HOLDINGS BHD,PROPERTY ,CHHB (5738),MAIN,5738,410.80m,275.71m,31.47 *,4.73,10.06
CRESCENDO CORPORATION BERHAD,PROPERTY ,CRESNDO (6718),MAIN,6718,350.58m,280.46m,15.44 *,8.1,4.78
COUNTRY VIEW BERHAD,PROPERTY ,CVIEW (5049),MAIN,5049,145.00m,100.00m,74.93 *,1.94,19.07
DAMANSARA REALTY BHD,PROPERTY ,DBHD (3484),MAIN,3484,140.08m,318.37m,6.49 *,6.78,12.02
DPS RESOURCES BERHAD,PROPERTY ,DPS (7198),MAIN,7198,38.21m,587.77m,-0.37 *,-,-1.85
EASTERN & ORIENTAL BERHAD,PROPERTY ,E&O (3417),MAIN,3417,1.187b,1.457b,4.28 *,19.04,3.06
ECOFIRST CONSOLIDATED BHD,PROPERTY ,ECOFIRS (3557),MAIN,3557,240.95m,803.16m,3.05 *,9.84,7.48
ECO WORLD DEVELOPMENT GROUP BERHAD,PROPERTY ,ECOWLD (8206),MAIN,8206,2.355b,2.944b,6.06 *,13.2,4.07
ENCORP BERHAD,PROPERTY ,ENCORP (6076),MAIN,6076,99.60m,306.47m,-2.96 *,-,-2.19
ENRA GROUP BERHAD,PROPERTY ,ENRA (8613),MAIN,8613,185.24m,136.21m,-18.01 *,-,-19.79
EUPE CORPORATION BERHAD,PROPERTY ,EUPE (6815),MAIN,6815,85.76m,128.00m,23.67 *,2.83,9.47
EWEIN BERHAD,PROPERTY ,EWEIN (7249),MAIN,7249,212.62m,301.59m,14.33 *,4.92,17.91
ECO WORLD INTERNATIONAL BERHAD,PROPERTY ,EWINT (5283),MAIN,5283,1.584b,2.400b,3.80 *,17.37,3.65
FARLIM GROUP (MALAYSIA) BHD,PROPERTY ,FARLIM (6041),MAIN,6041,57.25m,168.39m,-0.34 *,-,-0.33
GLOMAC BERHAD,PROPERTY ,GLOMAC (5020),MAIN,5020,304.03m,800.09m,1.70 *,22.35,1.21
GROMUTUAL BERHAD,PROPERTY ,GMUTUAL (9962),MAIN,9962,101.41m,375.61m,1.70 *,15.88,1.83
GLOBAL ORIENTAL BERHAD,PROPERTY ,GOB (1147),MAIN,1147,75.02m,454.68m,-21.41 *,-,-34.53
GSB GROUP BERHAD,PROPERTY ,GSB (7077),MAIN,7077,102.20m,552.44m,-0.37 *,-,-3.66
GUOCOLAND (MALAYSIA) BERHAD,PROPERTY ,GUOCO (1503),MAIN,1503,490.32m,700.46m,-5.90 *,-,-3.04
HCK CAPITAL GROUP BERHAD,PROPERTY ,HCK (7105),MAIN,7105,519.40m,422.28m,1.57 *,78.34,3.34
GRAND HOOVER BERHAD,PROPERTY ,HOOVER (7010),MAIN,7010,24.00m,40.00m,-4.88 *,-,-4.32
HUA YANG BERHAD,PROPERTY ,HUAYANG (5062),MAIN,5062,154.88m,352.00m,-5.82 *,-,-3.49
I-BERHAD,PROPERTY ,IBHD (4251),MAIN,4251,365.14m,1.014b,4.02 *,8.96,4.14
IBRACO BERHAD,PROPERTY ,IBRACO (5084),MAIN,5084,337.56m,496.41m,6.27 *,10.85,8.93
IDEAL UNITED BINTANG INTERNATIONAL BERHAD,PROPERTY ,IDEAL (9687),MAIN,9687,616.53m,463.56m,10.45 *,12.73,7.29
IGB BERHAD,PROPERTY ,IGBB (5606),MAIN,5606,1.924b,689.57m,36.40 *,7.66,7.12
IOI PROPERTIES GROUP BERHAD,PROPERTY ,IOIPG (5249),MAIN,5249,7.598b,5.506b,14.28 *,9.66,4.22
IVORY PROPERTIES GROUP BERHAD,PROPERTY ,IVORY (5175),MAIN,5175,100.47m,490.08m,0.10 *,205,0.12
ISKANDAR WATERFRONT CITY BERHAD,PROPERTY ,IWCITY (1589),MAIN,1589,837.39m,837.39m,-,-,-
JIANKUN INTERNATIONAL BERHAD,PROPERTY ,JIANKUN (8923),MAIN,8923,54.22m,166.85m,1.24 *,26.21,4
JKG LAND BERHAD,PROPERTY ,JKGLAND (6769),MAIN,6769,181.99m,2.275b,0.10 *,80,0.5
KARAMBUNAI CORP BHD,PROPERTY ,KBUNAI (3115),MAIN,3115,548.78m,5.777b,0.16 *,59.38,1.07
KEN HOLDINGS BERHAD,PROPERTY ,KEN (7323),MAIN,7323,117.91m,191.72m,11.53 *,5.33,6.44
KSL HOLDINGS BERHAD,PROPERTY ,KSL (5038),MAIN,5038,830.01m,1.038b,20.89 *,3.83,7.46
LAND & GENERAL BERHAD,PROPERTY ,L&G (3174),MAIN,3174,475.70m,2.973b,1.30 *,12.31,3.52
LBI CAPITAL BERHAD,PROPERTY ,LBICAP (8494),MAIN,8494,70.99m,98.59m,8.32 *,8.65,4.81
LBS BINA GROUP BERHAD,PROPERTY ,LBS (5789),MAIN,5789,884.79m,1.566b,5.09 *,11.1,5.85
LIEN HOE CORPORATION BERHAD,PROPERTY ,LIENHOE (3573),MAIN,3573,90.44m,361.74m,-10.07 *,-,-7.14
MAGNA PRIMA BERHAD,PROPERTY ,MAGNA (7617),MAIN,7617,318.17m,334.91m,-17.93 *,-,-11.49
MAH SING GROUP BERHAD,PROPERTY ,MAHSING (8583),MAIN,8583,2.209b,2.428b,10.81 *,8.42,7.46
MALTON BERHAD,PROPERTY ,MALTON (6181),MAIN,6181,290.48m,528.14m,2.59 *,21.24,1.49
MATRIX CONCEPTS HOLDINGS BERHAD,PROPERTY ,MATRIX (5236),MAIN,5236,1.534b,786.81m,27.65 *,7.05,15.71
MB WORLD GROUP BERHAD,PROPERTY ,MBWORLD (7189),MAIN,7189,251.80m,157.38m,36.66 *,4.36,23.2
MCT BERHAD,PROPERTY ,MCT (5182),MAIN,5182,400.67m,1.457b,-,-,-
MENANG CORPORATION (M) BERHAD,PROPERTY ,MENANG (1694),MAIN,1694,161.07m,480.80m,1.76 *,19.03,2.67
MERIDIAN BERHAD,PROPERTY ,MERIDIAN (5040),MAIN,5040,113.29m,492.56m,-4.75 *,-,-20.65
MAJUPERAK HOLDINGS BERHAD,PROPERTY ,MJPERAK (8141),MAIN,8141,57.84m,257.05m,0.43 *,52.33,0.62
MKH BERHAD,PROPERTY ,MKH (6114),MAIN,6114,721.45m,586.55m,12.99 *,9.47,4.78
MK LAND HOLDINGS BERHAD,PROPERTY ,MKLAND (8893),MAIN,8893,223.34m,1.207b,1.36 *,13.6,1.36
MALAYSIA PACIFIC CORPORATION BERHAD,PROPERTY ,MPCORP (6548),MAIN,6548,12.94m,287.66m,-0.17 *,-,-0.4
MALAYSIAN RESOURCES CORPORATION BERHAD,PROPERTY ,MRCB (1651),MAIN,1651,4.147b,4.412b,1.90 *,49.47,1.73
MULTI-USAGE HOLDINGS BERHAD,PROPERTY ,MUH (9539),MAIN,9539,30.47m,56.42m,-6.66 *,-,-5.74
MUI PROPERTIES BERHAD,PROPERTY ,MUIPROP (3913),MAIN,3913,156.63m,764.06m,0.92 *,22.28,2.61
NAIM HOLDINGS BERHAD,PROPERTY ,NAIM (5073),MAIN,5073,480.40m,513.80m,16.05 *,5.83,6.39
ORIENTAL INTEREST BERHAD,PROPERTY ,OIB (5827),MAIN,5827,306.62m,154.86m,35.44 *,5.59,12.98
OSK HOLDINGS BERHAD,PROPERTY ,OSK (5053),MAIN,5053,2.001b,2.095b,17.30 *,5.52,7.62
PARAMOUNT CORPORATION BERHAD,PROPERTY ,PARAMON (1724),MAIN,1724,1.023b,433.34m,21.72 *,10.87,8.72
PASDEC HOLDINGS BERHAD,PROPERTY ,PASDEC (6912),MAIN,6912,152.14m,400.37m,-4.58 *,-,-5.39
PEGASUS HEIGHTS BERHAD,PROPERTY ,PHB (4464),MAIN,4464,71.96m,7.196b,-0.30 *,-,-5.77
PLB ENGINEERING BERHAD,PROPERTY ,PLB (7055),MAIN,7055,129.25m,112.40m,-3.51 *,-,-2.56
PLENITUDE BERHAD,PROPERTY ,PLENITU (5075),MAIN,5075,541.78m,381.53m,10.16 *,13.98,2.49
RAPID SYNERGY BERHAD,PROPERTY ,RAPID (7765),MAIN,7765,614.65m,106.90m,2.28 *,252.19,1.7
SAPURA RESOURCES BERHAD,PROPERTY ,SAPRES (4596),MAIN,4596,92.83m,139.60m,-4.66 *,-,-1.46
SBC CORPORATION BERHAD,PROPERTY ,SBCCORP (5207),MAIN,5207,118.74m,258.13m,5.07 *,9.07,3.02
SELANGOR DREDGING BERHAD,PROPERTY ,SDRED (2224),MAIN,2224,291.90m,426.13m,5.73 *,11.95,2.84
SEAL INCORPORATED BERHAD,PROPERTY ,SEAL (4286),MAIN,4286,74.10m,242.95m,7.41 *,4.12,6.23
SHL CONSOLIDATED BHD,PROPERTY ,SHL (6017),MAIN,6017,583.52m,242.12m,26.12 *,9.23,7.77
SIME DARBY PROPERTY BERHAD,PROPERTY ,SIMEPROP (5288),MAIN,5288,6.733b,6.801b,-,-,-
SOUTH MALAYSIA INDUSTRIES BERHAD,PROPERTY ,SMI (4375),MAIN,4375,35.69m,209.94m,-0.13 *,-,-0.16
SENTORIA GROUP BERHAD,PROPERTY ,SNTORIA (5213),MAIN,5213,127.64m,567.28m,2.32 *,9.7,2.39
S P SETIA BERHAD,PROPERTY ,SPSETIA (8664),MAIN,8664,8.449b,4.042b,16.38 *,12.76,5.35
SUNSURIA BERHAD,PROPERTY ,SUNSURIA (3743),MAIN,3743,667.44m,889.92m,17.15 *,4.37,15.18
SYMPHONY LIFE BERHAD,PROPERTY ,SYMLIFE (1538),MAIN,1538,242.02m,590.28m,13.25 *,3.09,8.66
TADMAX RESOURCES BERHAD,PROPERTY ,TADMAX (4022),MAIN,4022,219.45m,783.76m,1.61 *,17.39,3.35
TA GLOBAL BERHAD,PROPERTY ,TAGB (5158),MAIN,5158,1.304b,5.322b,0.88 *,27.84,1.47
TALAM TRANSFORM BERHAD,PROPERTY ,TALAMT (2259),MAIN,2259,150.33m,4.295b,0.12 *,29.17,1.33
TAMBUN INDAH LAND BERHAD,PROPERTY ,TAMBUN (5191),MAIN,5191,338.09m,433.45m,12.49 *,6.24,8.73
TANCO HOLDINGS BERHAD,PROPERTY ,TANCO (2429),MAIN,2429,32.91m,731.43m,-1.39 *,-,-6.59
THRIVEN GLOBAL BERHAD,PROPERTY ,THRIVEN (7889),MAIN,7889,125.80m,546.94m,5.62 *,4.09,14.41
TIGER SYNERGY BERHAD,PROPERTY ,TIGER (7079),MAIN,7079,63.46m,1.269b,-0.24 *,-,-0.62
TITIJAYA LAND BERHAD,PROPERTY ,TITIJYA (5239),MAIN,5239,396.61m,1.344b,3.24 *,9.1,3.34
TROPICANA CORPORATION BERHAD,PROPERTY ,TROP (5401),MAIN,5401,1.243b,1.470b,11.54 *,7.32,4.87
UEM SUNRISE BERHAD,PROPERTY ,UEMS (5148),MAIN,5148,3.653b,4.537b,6.28 *,12.82,4
UOA DEVELOPMENT BHD,PROPERTY ,UOADEV (5200),MAIN,5200,4.151b,1.845b,22.03 *,10.21,8.57
WMG HOLDINGS BERHAD,PROPERTY ,WMG (6378),MAIN,6378,40.49m,426.17m,-5.38 *,-,-11.7
Y&G CORPORATION BHD,PROPERTY ,Y&G (7003),MAIN,7003,181.44m,199.38m,4.13 *,22.03,2.85
YNH PROPERTY BERHAD,PROPERTY ,YNHPROP (3158),MAIN,3158,1.423b,529.00m,3.35 *,80.3,1.94
YONG TAI BERHAD,PROPERTY ,YONGTAI (7066),MAIN,7066,170.95m,534.21m,-2.05 *,-,-1.85
YTL LAND & DEVELOPMENT BERHAD,PROPERTY ,YTLLAND (2577),MAIN,2577,282.86m,844.34m,-16.26 *,-,-18.48
ASIA MEDIA GROUP BERHAD,TELECOMMUNICATIONS & MEDIA ,AMEDIA (0159),MAIN,159,32.33m,239.46m,-1.26 *,-,-14.65
AMTEL HOLDINGS BERHAD,TELECOMMUNICATIONS & MEDIA ,AMTEL (7031),MAIN,7031,36.31m,54.20m,3.50 *,19.14,4.13
ASTRO MALAYSIA HOLDINGS BERHAD,TELECOMMUNICATIONS & MEDIA ,ASTRO (6399),MAIN,6399,7.561b,5.214b,8.91 *,16.27,66.99
AXIATA GROUP BERHAD,TELECOMMUNICATIONS & MEDIA ,AXIATA (6888),MAIN,6888,47.286b,9.129b,-45.77 *,-,-24.61
BINASAT COMMUNICATIONS BERHAD,TELECOMMUNICATIONS & MEDIA ,BINACOM (0195),ACE,195,81.90m,260.00m,3.15 *,10,10.86
BERJAYA MEDIA BERHAD,TELECOMMUNICATIONS & MEDIA ,BJMEDIA (6025),MAIN,6025,42.32m,235.08m,-7.23 *,-,-
DIGI.COM BERHAD,TELECOMMUNICATIONS & MEDIA ,DIGI (6947),MAIN,6947,39.264b,7.775b,19.35 *,26.1,215
ECOBUILT HOLDINGS BERHAD,TELECOMMUNICATIONS & MEDIA ,ECOHLDS (0059),MAIN,59,34.17m,162.71m,-3.09 *,-,-7.04
GREEN PACKET BERHAD,TELECOMMUNICATIONS & MEDIA ,GPACKET (0082),MAIN,82,349.94m,908.92m,-8.06 *,-,-47.41
INNITY CORPORATION BERHAD,TELECOMMUNICATIONS & MEDIA ,INNITY (0147),ACE,147,65.38m,139.10m,1.05 *,44.76,4.38
MAXIS BERHAD,TELECOMMUNICATIONS & MEDIA ,MAXIS (6012),MAIN,6012,44.029b,7.820b,21.30 *,26.43,23.41
MEDIA PRIMA BERHAD,TELECOMMUNICATIONS & MEDIA ,MEDIA (4502),MAIN,4502,526.87m,1.109b,3.61 *,13.16,5.42
MEDIA CHINESE INTERNATIONAL LIMITED,TELECOMMUNICATIONS & MEDIA ,MEDIAC (5090),MAIN,5090,312.14m,1.687b,-2.73 *,-,-6.72
M N C WIRELESS BERHAD,TELECOMMUNICATIONS & MEDIA ,MNC (0103),ACE,103,31.09m,478.38m,-,-,-
MTOUCHE TECHNOLOGY BERHAD,TELECOMMUNICATIONS & MEDIA ,MTOUCHE (0092),ACE,92,30.51m,508.56m,-4.57 *,-,-38.4
NEXGRAM HOLDINGS BERHAD,TELECOMMUNICATIONS & MEDIA ,NEXGRAM (0096),ACE,96,41.42m,2.071b,-2.55 *,-,-0.35
OCK GROUP BERHAD,TELECOMMUNICATIONS & MEDIA ,OCK (0172),MAIN,172,488.02m,871.47m,2.78 *,20.14,5.67
OPCOM HOLDINGS BERHAD,TELECOMMUNICATIONS & MEDIA ,OPCOM (0035),ACE,35,86.27m,161.25m,0.29 *,184.48,0.53
PELANGI PUBLISHING GROUP BHD.,TELECOMMUNICATIONS & MEDIA ,PPG (7190),MAIN,7190,35.02m,100.04m,2.61 *,13.41,2.45
PRIVASIA TECHNOLOGY BERHAD,TELECOMMUNICATIONS & MEDIA ,PRIVA (0123),ACE,123,36.28m,558.20m,-0.83 *,-,-6.92
PUC BERHAD,TELECOMMUNICATIONS & MEDIA ,PUC (0007),ACE,7,183.42m,2.158b,0.36 *,23.61,3.05
REDTONE INTERNATIONAL BERHAD,TELECOMMUNICATIONS & MEDIA ,REDTONE (0032),ACE,32,295.85m,758.59m,-,-,-
REV ASIA BERHAD,TELECOMMUNICATIONS & MEDIA ,REV (0173),ACE,173,24.91m,134.64m,-0.34 *,-,-6.8
SASBADI HOLDINGS BERHAD,TELECOMMUNICATIONS & MEDIA ,SASBADI (5252),MAIN,5252,85.92m,419.10m,0.15 *,136.67,0.39
SEDANIA INNOVATOR BERHAD,TELECOMMUNICATIONS & MEDIA ,SEDANIA (0178),ACE,178,42.23m,248.39m,-1.56 *,-,-13.11
SENI JAYA CORPORATION BERHAD,TELECOMMUNICATIONS & MEDIA ,SJC (9431),MAIN,9431,20.87m,40.53m,-3.21 *,-,-2.45
SILVER RIDGE HOLDINGS BHD,TELECOMMUNICATIONS & MEDIA ,SRIDGE (0129),ACE,129,31.58m,140.35m,-,-,-
STAR MEDIA GROUP BERHAD,TELECOMMUNICATIONS & MEDIA ,STAR (6084),MAIN,6084,472.68m,738.56m,-0.34 *,-,-0.31
TIME DOTCOM BERHAD,TELECOMMUNICATIONS & MEDIA ,TIMECOM (5031),MAIN,5031,5.277b,583.70m,49.49 *,18.27,11.67
TELEKOM MALAYSIA BERHAD,TELECOMMUNICATIONS & MEDIA ,TM (4863),MAIN,4863,16.272b,3.758b,8.10 *,53.46,4.35
UTUSAN MELAYU (MALAYSIA) BERHAD,TELECOMMUNICATIONS & MEDIA ,UTUSAN (5754),MAIN,5754,13.29m,110.73m,-170.52 *,-,-
XOX BHD,TELECOMMUNICATIONS & MEDIA ,XOX (0165),ACE,165,60.08m,1.092b,-0.53 *,-,-4.73
MALAYSIA AIRPORTS HOLDINGS BERHAD,TRANSPORTATION & LOGISTICS ,AIRPORT (5014),MAIN,5014,14.535b,1.659b,26.05 *,33.63,4.69
ANCOM LOGISTICS BERHAD,TRANSPORTATION & LOGISTICS ,ANCOMLB (0048),ACE,48,33.13m,473.29m,-0.18 *,-,-3.6
BOUSTEAD HEAVY INDUSTRIES CORPORATION BHD,TRANSPORTATION & LOGISTICS ,BHIC (8133),MAIN,8133,313.06m,248.46m,-47.14 *,-,-51.24
BINTULU PORT HOLDINGS BERHAD,TRANSPORTATION & LOGISTICS ,BIPORT (5032),MAIN,5032,2.144b,460.00m,32.68 *,14.26,11.78
CHIN HIN GROUP PROPERTY BERHAD,TRANSPORTATION & LOGISTICS ,CHGP (7187),MAIN,7187,92.10m,297.11m,1.15 *,26.96,2.88
CJ CENTURY LOGISTICS HOLDINGS BERHAD,TRANSPORTATION & LOGISTICS ,CJCEN (7117),MAIN,7117,167.55m,394.23m,1.36 *,31.25,1.66
COMPLETE LOGISTIC SERVICES BERHAD,TRANSPORTATION & LOGISTICS ,COMPLET (5136),MAIN,5136,100.33m,125.41m,8.52 *,9.39,6.98
E.A.TECHNIQUE (M) BERHAD,TRANSPORTATION & LOGISTICS ,EATECH (5259),MAIN,5259,234.36m,504.00m,13.13 *,3.54,27.94
FREIGHT MANAGEMENT HOLDINGS BERHAD,TRANSPORTATION & LOGISTICS ,FREIGHT (7210),MAIN,7210,170.33m,279.22m,5.98 *,10.2,5.75
GD EXPRESS CARRIER BERHAD,TRANSPORTATION & LOGISTICS ,GDEX (0078),MAIN,78,1.664b,5.641b,0.52 *,56.73,5.78
GUNUNG CAPITAL BERHAD,TRANSPORTATION & LOGISTICS ,GUNUNG (7676),MAIN,7676,66.13m,236.18m,-1.75 *,-,-4.18
HARBOUR-LINK GROUP BERHAD,TRANSPORTATION & LOGISTICS ,HARBOUR (2062),MAIN,2062,268.27m,400.40m,8.38 *,8,8.46
HUBLINE BERHAD,TRANSPORTATION & LOGISTICS ,HUBLINE (7013),MAIN,7013,171.86m,3.819b,-0.14 *,-,-2.8
INTEGRATED LOGISTICS BHD,TRANSPORTATION & LOGISTICS ,ILB (5614),MAIN,5614,71.18m,195.03m,-50.21 *,-,-50.61
LINGKARAN TRANS KOTA HOLDINGS BERHAD,TRANSPORTATION & LOGISTICS ,LITRAK (6645),MAIN,6645,2.565b,528.78m,44.65 *,10.86,25.34
MARINE & GENERAL BERHAD,TRANSPORTATION & LOGISTICS ,M&G (5078),MAIN,5078,54.29m,723.88m,-,-,-
MALAYSIAN BULK CARRIERS BERHAD,TRANSPORTATION & LOGISTICS ,MAYBULK (5077),MAIN,5077,590.00m,1b,26.74 *,2.21,70.18
MISC BERHAD,TRANSPORTATION & LOGISTICS ,MISC (3816),MAIN,3816,32.541b,4.464b,33.86 *,21.53,4.35
MMC CORPORATION BERHAD,TRANSPORTATION & LOGISTICS ,MMCCORP (2194),MAIN,2194,3.654b,3.045b,7.63 *,15.73,2.55
NATIONWIDE EXPRESS HOLDINGS BERHAD,TRANSPORTATION & LOGISTICS ,NATWIDE (9806),MAIN,9806,28.34m,123.24m,-27.15 *,-,-0.49
PDZ HOLDINGS BHD,TRANSPORTATION & LOGISTICS ,PDZ (6254),MAIN,6254,23.87m,681.99m,-1.72 *,-,-21.5
POS MALAYSIA BERHAD,TRANSPORTATION & LOGISTICS ,POS (4634),MAIN,4634,1.472b,782.78m,-21.17 *,-,-9.67
PERAK CORPORATION BERHAD,TRANSPORTATION & LOGISTICS ,PRKCORP (8346),MAIN,8346,35.00m,100.00m,-89.71 *,-,-76.68
SEALINK INTERNATIONAL BERHAD,TRANSPORTATION & LOGISTICS ,SEALINK (5145),MAIN,5145,90.00m,500.00m,-3.62 *,-,-5.1
SEE HUP CONSOLIDATED BERHAD,TRANSPORTATION & LOGISTICS ,SEEHUP (7053),MAIN,7053,68.36m,80.43m,-4.43 *,-,-4.29
STRAITS INTER LOGISTICS BERHAD,TRANSPORTATION & LOGISTICS ,STRAITS (0080),ACE,80,143.14m,650.66m,0.73 *,30.14,4.48
SURIA CAPITAL HOLDINGS BERHAD,TRANSPORTATION & LOGISTICS ,SURIA (6521),MAIN,6521,463.40m,345.82m,15.72 *,8.52,4.97
SHIN YANG SHIPPING CORPORATION BERHAD,TRANSPORTATION & LOGISTICS ,SYSCORP (5173),MAIN,5173,360.00m,1.200b,-1.26 *,-,-1.29
TAS OFFSHORE BERHAD,TRANSPORTATION & LOGISTICS ,TAS (5149),MAIN,5149,46.80m,180.00m,0.95 *,27.37,1.05
TASCO BERHAD,TRANSPORTATION & LOGISTICS ,TASCO (5140),MAIN,5140,248.00m,200.00m,6.53 *,18.99,3.51
TIONG NAM LOGISTICS HOLDINGS BERHAD,TRANSPORTATION & LOGISTICS ,TNLOGIS (8397),MAIN,8397,225.78m,460.78m,-0.45 *,-,-0.3
TRANSOCEAN HOLDINGS BHD,TRANSPORTATION & LOGISTICS ,TOCEAN (7218),MAIN,7218,20.91m,41.00m,0.30 *,170,0.29
TRI-MODE SYSTEM (M) BERHAD,TRANSPORTATION & LOGISTICS ,TRIMODE (0199),ACE,199,59.76m,166.00m,1.21 *,29.75,2.88
WESTPORTS HOLDINGS BERHAD,TRANSPORTATION & LOGISTICS ,WPRTS (5246),MAIN,5246,13.640b,3.410b,16.12 *,24.81,23.5
XIN HWA HOLDINGS BERHAD,TRANSPORTATION & LOGISTICS ,XINHWA (5267),MAIN,5267,106.92m,216.00m,0.77 *,64.29,1.13
AMANAH HARTA TANAH PNB,REAL ESTATE INVESTMENT TRUSTS ,AHP (4952),MAIN,4952,176.00m,220.00m,5.64 *,14.18,4.45
AL-`AQAR HEALTHCARE REIT,REAL ESTATE INVESTMENT TRUSTS ,ALAQAR (5116),MAIN,5116,1.111b,735.99m,12.31 *,12.27,9.55
AL-SALAM REAL ESTATE INVESTMENT TRUST,REAL ESTATE INVESTMENT TRUSTS ,ALSREIT (5269),MAIN,5269,524.90m,580.00m,0 *,-,0
AMFIRST REAL ESTATE INVESTMENT TRUST,REAL ESTATE INVESTMENT TRUSTS ,AMFIRST (5120),MAIN,5120,350.06m,686.40m,3.25 *,15.69,2.64
AMANAHRAYA REAL ESTATE INVESTMENT TRUST,REAL ESTATE INVESTMENT TRUSTS ,ARREIT (5127),MAIN,5127,481.50m,573.22m,0 *,-,0
ATRIUM REAL ESTATE INVESTMENT TRUST,REAL ESTATE INVESTMENT TRUSTS ,ATRIUM (5130),MAIN,5130,173.93m,146.16m,7.96 *,14.95,5.31
AXIS REAL ESTATE INVESTMENT TRUST,REAL ESTATE INVESTMENT TRUSTS ,AXREIT (5106),MAIN,5106,2.141b,1.237b,12.13 *,14.26,9.04
CAPITALAND MALAYSIA MALL TRUST,REAL ESTATE INVESTMENT TRUSTS ,CMMT (5180),MAIN,5180,2.126b,2.044b,6.40 *,16.25,5.06
HEKTAR REAL ESTATE INVESTMENT TRUST,REAL ESTATE INVESTMENT TRUSTS ,HEKTAR (5121),MAIN,5121,459.65m,461.96m,6.79 *,14.65,4.95
IGB REAL ESTATE INVESTMENT TRUST,REAL ESTATE INVESTMENT TRUSTS ,IGBREIT (5227),MAIN,5227,7.050b,3.543b,9.44 *,21.08,8.86
KIP REAL ESTATE INVESTMENT TRUST,REAL ESTATE INVESTMENT TRUSTS ,KIPREIT (5280),MAIN,5280,424.45m,505.30m,6.91 *,12.16,6.91
MRCB-QUILL REIT,REAL ESTATE INVESTMENT TRUSTS ,MQREIT (5123),MAIN,5123,1.158b,1.072b,6.67 *,16.19,5.37
PAVILION REAL ESTATE INVESTMENT TRUST,REAL ESTATE INVESTMENT TRUSTS ,PAVREIT (5212),MAIN,5212,5.744b,3.039b,9.63 *,19.63,7.61
SUNWAY REAL ESTATE INVESTMENT TRUST,REAL ESTATE INVESTMENT TRUSTS ,SUNREIT (5176),MAIN,5176,5.596b,2.945b,14.11 *,13.47,9.7
TOWER REAL ESTATE INVESTMENT TRUST,REAL ESTATE INVESTMENT TRUSTS ,TWRREIT (5111),MAIN,5111,251.05m,280.50m,-,-,-
UOA REAL ESTATE INVESTMENT TRUST,REAL ESTATE INVESTMENT TRUSTS ,UOAREIT (5110),MAIN,5110,558.19m,422.87m,8.57 *,15.4,4.99
YTL HOSPITALITY REIT,REAL ESTATE INVESTMENT TRUSTS ,YTLREIT (5109),MAIN,5109,2.301b,1.704b,8.75 *,15.43,5.64
ALAM MARITIM RESOURCES BERHAD,ENERGY ,ALAM (5115),MAIN,5115,89.88m,946.13m,-17.74 *,-,-41.26
BUMI ARMADA BERHAD,ENERGY ,ARMADA (5210),MAIN,5210,1.352b,5.877b,-38.95 *,-,-68.33
BARAKAH OFFSHORE PETROLEUM BERHAD,ENERGY ,BARAKAH (7251),MAIN,7251,50.15m,835.79m,-,-,-
CARIMIN PETROLEUM BERHAD,ENERGY ,CARIMIN (5257),MAIN,5257,209.32m,233.88m,1.35 *,66.3,2.08
COASTAL CONTRACTS BHD,ENERGY ,COASTAL (5071),MAIN,5071,499.98m,531.89m,-101.29 *,-,-44.84
DAYA MATERIALS BERHAD,ENERGY ,DAYA (0091),MAIN,91,30.64m,2.043b,-7.79 *,-,-
DAYANG ENTERPRISE HOLDINGS BERHAD,ENERGY ,DAYANG (5141),MAIN,5141,1.351b,964.81m,18.78 *,7.45,16.33
DELEUM BERHAD,ENERGY ,DELEUM (5132),MAIN,5132,397.54m,401.55m,7.12 *,13.9,8.79
DIALOG GROUP BERHAD,ENERGY ,DIALOG (7277),MAIN,7277,19.069b,5.642b,9.04 *,37.39,13.59
HANDAL RESOURCES BERHAD,ENERGY ,HANDAL (7253),MAIN,7253,73.03m,175.97m,-,-,-
HENGYUAN REFINING COMPANY BERHAD,ENERGY ,HENGYUAN (4324),MAIN,4324,1.551b,300.00m,-11.46 *,-,-1.74
HIBISCUS PETROLEUM BERHAD,ENERGY ,HIBISCS (5199),MAIN,5199,1.684b,1.588b,19.14 *,5.54,25.18
SINO HUA-AN INTERNATIONAL BERHAD,ENERGY ,HUAAN (2739),MAIN,2739,202.02m,1.122b,1.77 *,10.17,5.21
ICON OFFSHORE BERHAD,ENERGY ,ICON (5255),MAIN,5255,100.06m,1.177b,-37.29 *,-,-932.25
KNM GROUP BERHAD,ENERGY ,KNM (7164),MAIN,7164,950.47m,2.604b,-28.34 *,-,-43.6
MALAYSIA MARINE AND HEAVY ENGINEERING HOLDINGS BERHAD,ENERGY ,MHB (5186),MAIN,5186,1.216b,1.600b,-7.92 *,-,-5.33
PETRA ENERGY BERHAD,ENERGY ,PENERGY (5133),MAIN,5133,254.18m,321.75m,-6.31 *,-,-6.01
PERDANA PETROLEUM BERHAD,ENERGY ,PERDANA (7108),MAIN,7108,276.36m,778.47m,-0.92 *,-,-1.74
PERISAI PETROLEUM TEKNOLOGI BHD,ENERGY ,PERISAI (0047),MAIN,47,6.30m,1.261b,-22.07 *,-,-
PETRON MALAYSIA REFINING & MARKETING BHD,ENERGY ,PETRONM (3042),MAIN,3042,1.639b,270.00m,77.75 *,7.81,12.17
REACH ENERGY BERHAD,ENERGY ,REACH (5256),MAIN,5256,202.84m,1.096b,-3.31 *,-,-4.36
SAPURA ENERGY BERHAD,ENERGY ,SAPNRG (5218),MAIN,5218,4.794b,15.979b,1.47 *,20.41,1.69
SCOMI GROUP BERHAD,ENERGY ,SCOMI (7158),MAIN,7158,87.51m,1.094b,-,-,-
SCOMI ENERGY SERVICES BHD,ENERGY ,SCOMIES (7045),MAIN,7045,234.18m,2.342b,-,-,-
SERBA DINAMIK HOLDINGS BERHAD,ENERGY ,SERBADK (5279),MAIN,5279,6.080b,1.469b,27.74 *,14.92,18.87
SUMATEC RESOURCES BERHAD,ENERGY ,SUMATEC (1201),MAIN,1201,106.32m,4.253b,-0.10 *,-,-1.1
TH HEAVY ENGINEERING BERHAD,ENERGY ,THHEAVY (7206),MAIN,7206,67.28m,1.121b,1.31 *,4.58,26.2
UZMA BERHAD,ENERGY ,UZMA (7250),MAIN,7250,220.82m,320.03m,-,-,-
VELESTO ENERGY BERHAD,ENERGY ,VELESTO (5243),MAIN,5243,2.506b,8.216b,-0.55 *,-,-1.66
WAH SEONG CORPORATION BERHAD,ENERGY ,WASEONG (5142),MAIN,5142,565.67m,774.89m,7.19 *,10.15,5.66
YINSON HOLDINGS BERHAD,ENERGY ,YINSON (7293),MAIN,7293,7.852b,1.094b,20.81 *,34.5,12.69
BRITE-TECH BERHAD,UTILITIES ,BTECH (0011),ACE,11,60.48m,252.00m,1.59 *,15.09,6.62
EDEN INC. BERHAD,UTILITIES ,EDEN (7471),MAIN,7471,67.15m,395.03m,-1.21 *,-,-1.57
GAS MALAYSIA BERHAD,UTILITIES ,GASMSIA (5209),MAIN,5209,3.736b,1.284b,14.12 *,20.61,18.01
MALAKOFF CORPORATION BERHAD,UTILITIES ,MALAKOF (5264),MAIN,5264,4.400b,5.000b,5.77 *,15.25,5.02
MEGA FIRST CORPORATION BERHAD,UTILITIES ,MFCB (3069),MAIN,3069,1.610b,420.46m,31.26 *,12.25,9.03
PBA HOLDINGS BHD,UTILITIES ,PBA (5041),MAIN,5041,380.96m,331.27m,-30.28 *,-,-14.77
PETRONAS GAS BERHAD,UTILITIES ,PETGAS (6033),MAIN,6033,34.034b,1.979b,93.12 *,18.47,14.19
RANHILL HOLDINGS BERHAD,UTILITIES ,RANHILL (5272),MAIN,5272,1.386b,1.066b,4.58 *,28.38,7.27
SALCON BERHAD,UTILITIES ,SALCON (8567),MAIN,8567,216.01m,847.11m,0.94 *,27.13,1.71
TALIWORKS CORPORATION BERHAD,UTILITIES ,TALIWRK (8524),MAIN,8524,1.834b,2.016b,5.12 *,17.77,9.92
TENAGA NASIONAL BHD,UTILITIES ,TENAGA (5347),MAIN,5347,77.797b,5.687b,55.58 *,24.61,5.48
YTL CORPORATION BERHAD,UTILITIES ,YTL (4677),MAIN,4677,12.220b,10.911b,1.95 *,57.44,1.5
YTL POWER INTERNATIONAL BHD,UTILITIES ,YTLPOWR (6742),MAIN,6742,6.527b,8.158b,6.33 *,12.64,3.84
ALLIANCE BANK MALAYSIA BERHAD,FINANCIAL SERVICES ,ABMB (2488),MAIN,2488,5.759b,1.548b,34.73 *,10.71,9.39
AEON CREDIT SERVICE (M) BERHAD,FINANCIAL SERVICES ,AEONCR (5139),MAIN,5139,4.190b,250.89m,135.51 *,12.32,21.72
AFFIN BANK BERHAD,FINANCIAL SERVICES ,AFFIN (5185),MAIN,5185,4.171b,1.986b,25.12 *,8.36,5.48
ALLIANZ MALAYSIA BERHAD,FINANCIAL SERVICES ,ALLIANZ (1163),MAIN,1163,2.439b,176.77m,219.90 *,6.28,11.15
AMMB HOLDINGS BERHAD,FINANCIAL SERVICES ,AMBANK (1015),MAIN,1015,12.991b,3.014b,49.94 *,8.63,8.51
APEX EQUITY HOLDINGS BERHAD,FINANCIAL SERVICES ,APEX (5088),MAIN,5088,196.48m,213.56m,3.38 *,27.22,2.27
BIMB HOLDINGS BERHAD,FINANCIAL SERVICES ,BIMB (5258),MAIN,5258,7.992b,1.764b,40.38 *,11.22,13.07
BURSA MALAYSIA BERHAD,FINANCIAL SERVICES ,BURSA (1818),MAIN,1818,5.635b,808.50m,25.62 *,27.21,26.14
CIMB GROUP HOLDINGS BERHAD,FINANCIAL SERVICES ,CIMB (1023),MAIN,1023,50.583b,9.727b,56.23 *,9.25,10.18
ECM LIBRA FINANCIAL GROUP BERHAD,FINANCIAL SERVICES ,ECM (2143),MAIN,2143,127.18m,479.93m,0.98 *,27.04,2.72
ELK-DESA RESOURCES BERHAD,FINANCIAL SERVICES ,ELKDESA (5228),MAIN,5228,462.50m,296.47m,11.10 *,14.05,7.99
FINTEC GLOBAL BERHAD,FINANCIAL SERVICES ,FINTEC (0150),ACE,150,30.66m,613.14m,-6.48 *,-,-26.23
HONG LEONG BANK BERHAD,FINANCIAL SERVICES ,HLBANK (5819),MAIN,5819,40.320b,2.168b,122.44 *,15.19,10.06
HONG LEONG CAPITAL BERHAD,FINANCIAL SERVICES ,HLCAP (5274),MAIN,5274,2.370b,246.90m,29.05 *,33.05,8.88
HONG LEONG FINANCIAL GROUP BERHAD,FINANCIAL SERVICES ,HLFG (1082),MAIN,1082,21.550b,1.148b,166.01 *,11.31,9.94
INSAS BERHAD,FINANCIAL SERVICES ,INSAS (3379),MAIN,3379,558.13m,693.33m,10.22 *,7.88,3.95
JOHAN HOLDINGS BERHAD,FINANCIAL SERVICES ,JOHAN (3441),MAIN,3441,52.95m,622.95m,-13.61 *,-,-85.6
KENANGA INVESTMENT BANK BERHAD,FINANCIAL SERVICES ,KENANGA (6483),MAIN,6483,411.96m,722.74m,0.59 *,96.61,0.46
KUCHAI DEVELOPMENT BERHAD,FINANCIAL SERVICES ,KUCHAI (2186),MAIN,2186,206.66m,123.75m,-4.03 *,-,-1.02
LPI CAPITAL BHD,FINANCIAL SERVICES ,LPI (8621),MAIN,8621,6.374b,398.38m,80.00 *,20,15.98
MAA GROUP BERHAD,FINANCIAL SERVICES ,MAA (1198),MAIN,1198,263.94m,273.52m,-3.02 *,-,-1.54
MANULIFE HOLDINGS BERHAD,FINANCIAL SERVICES ,MANULFE (1058),MAIN,1058,576.75m,202.37m,13.10 *,21.76,3.16
MALAYAN BANKING BERHAD,FINANCIAL SERVICES ,MAYBANK (1155),MAIN,1155,100.273b,11.241b,71.62 *,12.45,10.12
MALAYSIA BUILDING SOCIETY BERHAD,FINANCIAL SERVICES ,MBSB (1171),MAIN,1171,5.782b,6.389b,6.41 *,14.12,5.19
MNRB HOLDINGS BERHAD,FINANCIAL SERVICES ,MNRB (6459),MAIN,6459,859.10m,767.05m,12.55 *,8.92,4.31
MPHB CAPITAL BERHAD,FINANCIAL SERVICES ,MPHBCAP (5237),MAIN,5237,829.40m,715.00m,3.89 *,29.82,2.04
OSK VENTURES INTERNATIONAL BERHAD,FINANCIAL SERVICES ,OSKVI (0053),ACE,53,85.95m,197.60m,-7.35 *,-,-8.26
PACIFIC & ORIENT BERHAD,FINANCIAL SERVICES ,P&O (6009),MAIN,6009,284.08m,286.95m,-1.21 *,-,-1.09
PUBLIC BANK BERHAD,FINANCIAL SERVICES ,PBBANK (1295),MAIN,1295,89.134b,3.882b,144.13 *,15.93,13.66
RCE CAPITAL BERHAD,FINANCIAL SERVICES ,RCECAP (9296),MAIN,9296,590.32m,364.39m,26.22 *,6.18,15.33
RHB BANK BERHAD,FINANCIAL SERVICES ,RHBBANK (1066),MAIN,1066,22.978b,4.010b,58.47 *,9.8,9.62
TA ENTERPRISE BERHAD,FINANCIAL SERVICES ,TA (4898),MAIN,4898,1.096b,1.712b,6.38 *,10.03,4.2
SYARIKAT TAKAFUL MALAYSIA KELUARGA BERHAD,FINANCIAL SERVICES ,TAKAFUL (6139),MAIN,6139,5.746b,826.79m,38.87 *,17.88,29.45
TUNE PROTECT GROUP BERHAD,FINANCIAL SERVICES ,TUNEPRO (5230),MAIN,5230,545.03m,751.76m,6.80 *,10.66,9.32